sn,tokens,ner_tags,nt,nn
1,,,14,14
2,,,37,37
3,,,9,9
4,,,41,41
5,,,13,13
6,,,33,33
7,,,30,30
8,,,7,7
9,,,2,2
10,,,13,13
11,,,25,25
12,,,32,32
13,,,42,42
14,,,38,38
15,,,23,23
16,,,47,47
17,,,25,25
18,,,25,25
19,,,23,23
20,,,42,42
21,,,21,21
22,,,4,4
23,,,4,4
24,,,45,45
25,,,32,32
26,,,22,22
27,,,20,20
28,,,30,30
29,,,35,35
30,,,29,29
31,,,10,10
32,,,41,41
33,,,17,17
34,,,26,26
35,,,17,17
36,,,37,37
37,,,28,28
38,,,32,32
39,,,18,18
40,,,9,9
41,,,36,36
42,,,23,23
43,,,29,29
44,,,12,12
45,,,21,21
46,,,21,21
47,,,23,23
48,,,13,13
49,,,20,20
50,,,58,58
51,,,30,30
52,,,22,22
53,,,27,27
54,,,10,10
55,,,30,30
56,,,27,27
57,,,59,59
58,,,49,49
59,,,23,23
60,,,13,13
61,,,23,23
62,,,39,39
63,,,32,32
64,,,34,34
65,,,26,26
66,,,9,9
67,,,32,32
68,,,23,23
69,,,13,13
70,,,10,10
71,,,12,12
72,,,12,12
73,,,43,43
74,,,18,18
75,,,23,23
76,,,29,29
77,,,30,30
78,,,35,35
79,,,22,22
80,,,17,17
81,,,42,42
82,,,20,20
83,,,17,17
84,,,35,35
85,,,19,19
86,,,19,19
87,,,44,44
88,,,34,34
89,,,26,26
90,,,32,32
91,,,36,36
92,,,43,43
93,,,26,26
94,,,15,15
95,,,21,21
96,,,23,23
97,,,58,58
98,,,25,25
99,,,54,54
100,,,46,46
101,,,29,29
102,,,35,35
103,,,21,21
104,,,42,42
105,,,16,16
106,,,33,33
107,,,28,28
108,,,33,33
109,,,12,12
110,,,29,29
111,,,40,40
112,,,17,17
113,,,16,16
114,,,24,24
115,,,38,38
116,,,12,12
117,,,27,27
118,,,11,11
119,,,23,23
120,,,13,13
121,,,36,36
122,,,40,40
123,,,10,10
124,,,12,12
125,,,24,24
126,,,25,25
127,,,37,37
128,,,21,21
129,,,40,40
130,,,17,17
131,,,38,38
132,,,40,40
133,,,33,33
134,,,48,48
135,,,9,9
136,,,4,4
137,,,11,11
138,,,8,8
139,,,26,26
140,,,18,18
141,,,21,21
142,,,22,22
143,,,17,17
144,,,7,7
145,,,12,12
146,,,7,7
147,,,7,7
148,,,7,7
149,,,12,12
150,,,7,7
151,,,7,7
152,,,12,12
153,,,7,7
154,,,22,22
155,,,12,12
156,,,7,7
157,,,7,7
158,,,7,7
159,,,7,7
160,,,7,7
161,,,8,8
162,,,2,2
163,,,5,5
164,,,2,2
165,,,7,7
166,,,34,34
167,,,106,106
168,,,2,2
169,,,2,2
170,,,10,10
171,,,28,28
172,,,44,44
173,,,16,16
174,,,25,25
175,,,30,30
176,,,37,37
177,,,28,28
178,,,20,20
179,,,17,17
180,,,30,30
181,,,18,18
182,,,34,34
183,,,45,45
184,,,24,24
185,,,20,20
186,,,23,23
187,,,21,21
188,,,11,11
189,,,16,16
190,,,32,32
191,,,30,30
192,,,23,23
193,,,20,20
194,,,25,25
195,,,15,15
196,,,41,41
197,,,31,31
198,,,24,24
199,,,24,24
200,,,18,18
201,,,10,10
202,,,18,18
203,,,33,33
204,,,16,16
205,,,28,28
206,,,48,48
207,,,29,29
208,,,28,28
209,,,15,15
210,,,31,31
211,,,15,15
212,,,21,21
213,,,15,15
214,,,31,31
215,,,9,9
216,,,21,21
217,,,7,7
218,,,7,7
219,,,7,7
220,,,10,10
221,,,7,7
222,,,5,5
223,,,27,27
224,,,27,27
225,,,10,10
226,,,48,48
227,,,22,22
228,,,12,12
229,,,41,41
230,,,17,17
231,,,16,16
232,,,35,35
233,,,28,28
234,,,37,37
235,,,23,23
236,,,20,20
237,,,18,18
238,,,24,24
239,,,26,26
240,,,13,13
241,,,14,14
242,,,20,20
243,,,39,39
244,,,27,27
245,,,50,50
246,,,17,17
247,,,26,26
248,,,12,12
249,,,20,20
250,,,48,48
251,,,16,16
252,,,21,21
253,,,32,32
254,,,15,15
255,,,9,9
256,,,31,31
257,,,34,34
258,,,48,48
259,,,22,22
260,,,42,42
261,,,16,16
262,,,24,24
263,,,31,31
264,,,39,39
265,,,12,12
266,,,20,20
267,,,23,23
268,,,9,9
269,,,65,65
270,,,36,36
271,,,35,35
272,,,21,21
273,,,33,33
274,,,18,18
275,,,16,16
276,,,20,20
277,,,45,45
278,,,34,34
279,,,42,42
280,,,25,25
281,,,6,6
282,,,12,12
283,,,21,21
284,,,14,14
285,,,29,29
286,,,23,23
287,,,24,24
288,,,23,23
289,,,11,11
290,,,12,12
291,,,25,25
292,,,27,27
293,,,35,35
294,,,41,41
295,,,21,21
296,,,45,45
297,,,30,30
298,,,34,34
299,,,24,24
300,,,22,22
301,,,39,39
302,,,29,29
303,,,23,23
304,,,16,16
305,,,27,27
306,,,19,19
307,,,18,18
308,,,22,22
309,,,38,38
310,,,21,21
311,,,34,34
312,,,37,37
313,,,28,28
314,,,27,27
315,,,32,32
316,,,29,29
317,,,15,15
318,,,63,63
319,,,37,37
320,,,37,37
321,,,40,40
322,,,24,24
323,,,35,35
324,,,18,18
325,,,22,22
326,,,43,43
327,,,36,36
328,,,38,38
329,,,35,35
330,,,31,31
331,,,19,19
332,,,18,18
333,,,18,18
334,,,19,19
335,,,33,33
336,,,30,30
337,,,21,21
338,,,15,15
339,,,28,28
340,,,21,21
341,,,35,35
342,,,25,25
343,,,20,20
344,,,29,29
345,,,29,29
346,,,42,42
347,,,10,10
348,,,23,23
349,,,23,23
350,,,22,22
351,,,21,21
352,,,28,28
353,,,14,14
354,,,36,36
355,,,10,10
356,,,22,22
357,,,35,35
358,,,44,44
359,,,40,40
360,,,32,32
361,,,22,22
362,,,44,44
363,,,42,42
364,,,13,13
365,,,21,21
366,,,20,20
367,,,37,37
368,,,51,51
369,,,21,21
370,,,18,18
371,,,16,16
372,,,24,24
373,,,38,38
374,,,29,29
375,,,15,15
376,,,15,15
377,,,24,24
378,,,21,21
379,,,13,13
380,,,14,14
381,,,34,34
382,,,16,16
383,,,54,54
384,,,22,22
385,,,55,55
386,,,36,36
387,,,28,28
388,,,20,20
389,,,49,49
390,,,14,14
391,,,28,28
392,,,26,26
393,,,5,5
394,,,3,3
395,,,31,31
396,,,3,3
397,,,31,31
398,,,14,14
399,,,18,18
400,,,8,8
401,,,27,27
402,,,25,25
403,,,23,23
404,,,11,11
405,,,20,20
406,,,22,22
407,,,26,26
408,,,20,20
409,,,7,7
410,,,23,23
411,,,31,31
412,,,22,22
413,,,27,27
414,,,12,12
415,,,22,22
416,,,26,26
417,,,25,25
418,,,24,24
419,,,25,25
420,,,26,26
421,,,22,22
422,,,14,14
423,,,29,29
424,,,20,20
425,,,37,37
426,,,25,25
427,,,33,33
428,,,38,38
429,,,20,20
430,,,37,37
431,,,37,37
432,,,12,12
433,,,33,33
434,,,19,19
435,,,23,23
437,,,28,28
438,,,38,38
439,,,29,29
440,,,34,34
441,,,56,56
442,,,30,30
443,,,29,29
444,,,31,31
445,,,37,37
446,,,48,48
447,,,17,17
448,,,31,31
449,,,10,10
450,,,35,35
451,,,17,17
452,,,10,10
453,,,29,29
454,,,29,29
455,,,16,16
456,,,31,31
457,,,23,23
458,,,15,15
459,,,25,25
460,,,34,34
461,,,30,30
462,,,34,34
463,,,24,24
464,,,11,11
465,,,19,19
466,,,46,46
467,,,13,13
468,,,37,37
469,,,24,24
470,,,14,14
471,,,31,31
472,,,42,42
473,,,30,30
474,,,29,29
475,,,19,19
476,,,21,21
477,,,31,31
478,,,36,36
479,,,32,32
480,,,19,19
481,,,22,22
482,,,21,21
483,,,19,19
484,,,20,20
485,,,25,25
486,,,15,15
487,,,30,30
488,,,30,30
489,,,26,26
490,,,38,38
491,,,20,20
492,,,36,36
493,,,49,49
494,,,16,16
495,,,33,33
496,,,12,12
497,,,23,23
498,,,15,15
499,,,28,28
500,,,21,21
501,,,36,36
502,,,46,46
503,,,28,28
504,,,13,13
505,,,18,18
506,,,17,17
507,,,22,22
508,,,16,16
509,,,12,12
510,,,10,10
511,,,17,17
512,,,12,12
513,,,15,15
514,,,15,15
515,,,25,25
516,,,45,45
517,,,10,10
518,,,39,39
519,,,20,20
520,,,12,12
521,,,12,12
522,,,18,18
523,,,19,19
524,,,13,13
525,,,29,29
526,,,37,37
527,,,17,17
528,,,35,35
529,,,17,17
530,,,36,36
531,,,23,23
532,,,51,51
533,,,30,30
534,,,61,61
535,,,30,30
536,,,24,24
537,,,13,13
538,,,23,23
539,,,19,19
540,,,25,25
541,,,22,22
542,,,43,43
543,,,24,24
544,,,41,41
545,,,11,11
546,,,22,22
547,,,38,38
548,,,42,42
549,,,26,26
550,,,27,27
551,,,37,37
552,,,10,10
553,,,22,22
554,,,35,35
555,,,20,20
556,,,15,15
557,,,19,19
558,,,26,26
559,,,13,13
560,,,29,29
561,,,31,31
562,,,30,30
563,,,20,20
564,,,15,15
565,,,53,53
566,,,30,30
567,,,20,20
568,,,43,43
569,,,18,18
570,,,37,37
571,,,34,34
572,,,15,15
573,,,17,17
574,,,26,26
575,,,30,30
576,,,24,24
577,,,9,9
578,,,9,9
579,,,21,21
580,,,40,40
581,,,18,18
582,,,12,12
583,,,21,21
584,,,21,21
585,,,19,19
586,,,19,19
587,,,24,24
588,,,53,53
589,,,9,9
590,,,30,30
591,,,11,11
592,,,20,20
593,,,18,18
594,,,42,42
595,,,15,15
596,,,16,16
597,,,18,18
598,,,39,39
599,,,18,18
600,,,22,22
601,,,33,33
602,,,16,16
603,,,23,23
604,,,31,31
605,,,20,20
606,,,40,40
607,,,26,26
608,,,16,16
609,,,36,36
610,,,9,9
611,,,31,31
612,,,54,54
613,,,27,27
614,,,45,45
615,,,55,55
616,,,3,3
617,,,37,37
618,,,14,14
619,,,23,23
620,,,40,40
621,,,8,8
622,,,22,22
623,,,23,23
624,,,19,19
625,,,35,35
626,,,30,30
627,,,23,23
628,,,17,17
629,,,23,23
630,,,31,31
631,,,55,55
632,,,14,14
633,,,45,45
634,,,39,39
635,,,9,9
636,,,7,7
637,,,28,28
638,,,36,36
639,,,19,19
640,,,17,17
641,,,18,18
642,,,49,49
643,,,25,25
644,,,11,11
645,,,36,36
646,,,13,13
647,,,20,20
648,,,13,13
649,,,25,25
650,,,14,14
651,,,20,20
652,,,25,25
653,,,32,32
654,,,21,21
655,,,24,24
656,,,17,17
657,,,15,15
658,,,27,27
659,,,18,18
660,,,43,43
661,,,28,28
662,,,27,27
663,,,25,25
664,,,25,25
665,,,21,21
666,,,18,18
667,,,42,42
668,,,16,16
669,,,23,23
670,,,7,7
671,,,21,21
672,,,12,12
673,,,57,57
674,,,14,14
675,,,20,20
676,,,27,27
677,,,18,18
678,,,13,13
679,,,39,39
680,,,9,9
681,,,32,32
682,,,16,16
683,,,17,17
684,,,10,10
685,,,27,27
686,,,18,18
687,,,29,29
688,,,25,25
689,,,45,45
690,,,41,41
691,,,51,51
692,,,32,32
693,,,24,24
694,,,39,39
695,,,20,20
696,,,52,52
697,,,34,34
698,,,6,6
699,,,4,4
700,,,20,20
701,,,24,24
702,,,24,24
703,,,24,24
704,,,33,33
705,,,31,31
706,,,28,28
707,,,35,35
708,,,21,21
709,,,17,17
710,,,15,15
711,,,32,32
712,,,18,18
713,,,16,16
714,,,35,35
715,,,48,48
716,,,25,25
717,,,17,17
718,,,18,18
719,,,6,6
720,,,19,19
721,,,32,32
722,,,37,37
723,,,11,11
724,,,34,34
725,,,15,15
726,,,38,38
727,,,20,20
728,,,38,38
729,,,19,19
730,,,36,36
731,,,16,16
732,,,43,43
733,,,41,41
734,,,21,21
735,,,15,15
736,,,26,26
737,,,13,13
738,,,35,35
739,,,15,15
740,,,18,18
741,,,20,20
742,,,25,25
743,,,36,36
744,,,9,9
745,,,24,24
746,,,15,15
748,,,35,35
749,,,42,42
750,,,42,42
751,,,17,17
752,,,30,30
753,,,29,29
754,,,28,28
755,,,13,13
756,,,18,18
757,,,30,30
758,,,40,40
759,,,10,10
760,,,32,32
761,,,28,28
762,,,17,17
763,,,27,27
764,,,39,39
765,,,33,33
766,,,33,33
767,,,24,24
768,,,35,35
769,,,22,22
770,,,37,37
771,,,22,22
772,,,17,17
773,,,22,22
774,,,22,22
775,,,11,11
776,,,18,18
777,,,25,25
778,,,13,13
779,,,20,20
780,,,27,27
781,,,11,11
782,,,20,20
783,,,18,18
784,,,15,15
785,,,12,12
786,,,27,27
787,,,11,11
788,,,48,48
789,,,19,19
790,,,22,22
791,,,30,30
792,,,26,26
793,,,25,25
794,,,16,16
795,,,15,15
796,,,34,34
797,,,19,19
798,,,25,25
799,,,23,23
800,,,29,29
801,,,22,22
802,,,22,22
803,,,33,33
804,,,30,30
805,,,43,43
806,,,12,12
807,,,23,23
808,,,16,16
809,,,33,33
810,,,17,17
811,,,29,29
812,,,30,30
813,,,24,24
814,,,22,22
815,,,14,14
816,,,35,35
817,,,36,36
818,,,13,13
819,,,35,35
820,,,14,14
821,,,24,24
822,,,10,10
823,,,44,44
824,,,57,57
825,,,27,27
826,,,16,16
827,,,13,13
828,,,11,11
829,,,34,34
830,,,6,6
831,,,18,18
832,,,17,17
833,,,25,25
834,,,40,40
835,,,32,32
836,,,103,103
837,,,23,23
838,,,13,13
839,,,21,21
840,,,14,14
841,,,37,37
842,,,24,24
843,,,46,46
844,,,26,26
845,,,18,18
846,,,10,10
847,,,29,29
848,,,26,26
849,,,19,19
850,,,35,35
851,,,16,16
852,,,34,34
853,,,29,29
854,,,14,14
855,,,13,13
856,,,32,32
857,,,16,16
858,,,23,23
859,,,24,24
860,,,28,28
861,,,45,45
862,,,25,25
863,,,26,26
864,,,19,19
865,,,38,38
866,,,11,11
867,,,32,32
868,,,51,51
869,,,17,17
870,,,31,31
871,,,77,77
872,,,20,20
873,,,40,40
874,,,24,24
875,,,17,17
876,,,26,26
877,,,30,30
878,,,39,39
879,,,18,18
880,,,47,47
881,,,11,11
882,,,28,28
883,,,33,33
884,,,39,39
885,,,24,24
886,,,35,35
887,,,34,34
888,,,31,31
889,,,32,32
890,,,28,28
891,,,31,31
892,,,17,17
893,,,19,19
894,,,13,13
895,,,3,3
896,,,34,34
897,,,35,35
898,,,14,14
899,,,18,18
900,,,23,23
901,,,23,23
902,,,32,32
903,,,54,54
904,,,44,44
905,,,18,18
906,,,41,41
907,,,18,18
908,,,16,16
909,,,36,36
910,,,19,19
911,,,19,19
912,,,32,32
913,,,22,22
914,,,35,35
915,,,32,32
916,,,18,18
917,,,10,10
918,,,40,40
919,,,51,51
920,,,50,50
921,,,15,15
922,,,28,28
923,,,23,23
924,,,15,15
925,,,15,15
926,,,21,21
927,,,27,27
928,,,14,14
929,,,35,35
930,,,37,37
931,,,22,22
932,,,13,13
933,,,59,59
934,,,25,25
935,,,27,27
936,,,34,34
937,,,17,17
938,,,52,52
939,,,31,31
940,,,23,23
941,,,39,39
942,,,51,51
943,,,43,43
944,,,16,16
945,,,27,27
946,,,27,27
947,,,28,28
948,,,30,30
949,,,28,28
950,,,20,20
951,,,28,28
952,,,18,18
953,,,28,28
954,,,20,20
955,,,19,19
956,,,20,20
957,,,30,30
958,,,26,26
959,,,18,18
960,,,10,10
961,,,33,33
962,,,15,15
963,,,19,19
964,,,11,11
965,,,34,34
966,,,10,10
967,,,37,37
968,,,23,23
969,,,55,55
970,,,38,38
971,,,19,19
972,,,13,13
973,,,17,17
974,,,17,17
975,,,5,5
976,,,20,20
977,,,3,3
978,,,25,25
979,,,2,2
980,,,16,16
981,,,2,2
982,,,13,13
983,,,2,2
984,,,12,12
985,,,9,9
986,,,27,27
987,,,11,11
988,,,17,17
989,,,52,52
990,,,25,25
991,,,38,38
992,,,18,18
993,,,23,23
994,,,7,7
995,,,44,44
996,,,33,33
997,,,14,14
998,,,20,20
999,,,25,25
1000,,,19,19
1001,,,14,14
1002,,,14,14
1003,,,16,16
1004,,,5,5
1005,,,11,11
1006,,,20,20
1007,,,9,9
1008,,,10,10
1009,,,11,11
1010,,,27,27
1011,,,8,8
1012,,,9,9
1013,,,27,27
1014,,,18,18
1015,,,36,36
1016,,,12,12
1017,,,25,25
1018,,,24,24
1019,,,39,39
1020,,,24,24
1021,,,37,37
1022,,,26,26
1023,,,15,15
1024,,,33,33
1025,,,16,16
1026,,,17,17
1027,,,37,37
1028,,,15,15
1029,,,40,40
1030,,,6,6
1031,,,11,11
1032,,,44,44
1033,,,27,27
1034,,,23,23
1035,,,29,29
1036,,,47,47
1037,,,51,51
1038,,,16,16
1039,,,23,23
1040,,,25,25
1041,,,17,17
1042,,,12,12
1043,,,24,24
1044,,,8,8
1045,,,16,16
1046,,,13,13
1047,,,22,22
1048,,,16,16
1049,,,10,10
1050,,,34,34
1051,,,16,16
1052,,,33,33
1053,,,27,27
1054,,,27,27
1055,,,37,37
1056,,,31,31
1057,,,54,54
1058,,,20,20
1059,,,55,55
1060,,,2,2
1061,,,7,7
1062,,,75,75
1063,,,11,11
1064,,,34,34
1065,,,16,16
1066,,,120,120
1067,,,33,33
1068,,,28,28
1069,,,27,27
1070,,,24,24
1071,,,29,29
1072,,,15,15
1073,,,36,36
1074,,,16,16
1075,,,32,32
1076,,,12,12
1077,,,27,27
1078,,,13,13
1079,,,27,27
1080,,,23,23
1081,,,27,27
1082,,,40,40
1083,,,3,3
1084,,,59,59
1085,,,19,19
1086,,,27,27
1087,,,28,28
1088,,,27,27
1089,,,29,29
1090,,,31,31
1091,,,34,34
1092,,,46,46
1093,,,13,13
1094,,,19,19
1095,,,33,33
1096,,,20,20
1097,,,13,13
1098,,,27,27
1099,,,31,31
1100,,,26,26
1101,,,23,23
1102,,,16,16
1103,,,22,22
1104,,,34,34
1105,,,21,21
1106,,,15,15
1107,,,32,32
1108,,,17,17
1109,,,30,30
1110,,,30,30
1111,,,25,25
1112,,,41,41
1113,,,43,43
1114,,,16,16
1115,,,30,30
1116,,,34,34
1117,,,16,16
1118,,,23,23
1119,,,29,29
1120,,,29,29
1121,,,24,24
1122,,,16,16
1123,,,35,35
1124,,,16,16
1125,,,34,34
1126,,,29,29
1127,,,9,9
1128,,,23,23
1129,,,15,15
1130,,,23,23
1131,,,30,30
1132,,,35,35
1133,,,20,20
1134,,,16,16
1135,,,12,12
1136,,,29,29
1137,,,29,29
1138,,,21,21
1139,,,35,35
1140,,,18,18
1141,,,36,36
1142,,,15,15
1143,,,32,32
1144,,,19,19
1145,,,28,28
1146,,,15,15
1147,,,24,24
1148,,,37,37
1149,,,23,23
1150,,,41,41
1151,,,42,42
1152,,,18,18
1153,,,32,32
1154,,,24,24
1155,,,38,38
1156,,,12,12
1157,,,44,44
1158,,,18,18
1159,,,24,24
1160,,,15,15
1161,,,60,60
1162,,,40,40
1163,,,19,19
1164,,,37,37
1165,,,15,15
1166,,,23,23
1167,,,11,11
1168,,,9,9
1169,,,22,22
1170,,,20,20
1171,,,19,19
1172,,,9,9
1173,,,22,22
1174,,,15,15
1175,,,30,30
1176,,,27,27
1177,,,20,20
1178,,,22,22
1179,,,27,27
1180,,,21,21
1181,,,7,7
1182,,,24,24
1183,,,23,23
1184,,,14,14
1185,,,10,10
1186,,,3,3
1187,,,43,43
1188,,,29,29
1189,,,21,21
1190,,,35,35
1191,,,24,24
1192,,,20,20
1193,,,19,19
1194,,,39,39
1195,,,46,46
1196,,,21,21
1197,,,26,26
1198,,,43,43
1199,,,60,60
1200,,,61,61
1201,,,49,49
1202,,,37,37
1203,,,14,14
1204,,,34,34
1205,,,13,13
1206,,,7,7
1207,,,31,31
1208,,,24,24
1209,,,32,32
1210,,,3,3
1211,,,9,9
1212,,,19,19
1213,,,22,22
1214,,,72,72
1215,,,15,15
1216,,,24,24
1217,,,25,25
1218,,,11,11
1219,,,38,38
1220,,,15,15
1221,,,38,38
1222,,,19,19
1223,,,21,21
1224,,,22,22
1225,,,31,31
1226,,,19,19
1227,,,22,22
1228,,,36,36
1229,,,20,20
1230,,,29,29
1231,,,12,12
1232,,,31,31
1233,,,31,31
1234,,,19,19
1235,,,4,4
1236,,,4,4
1237,,,20,20
1238,,,10,10
1239,,,21,21
1240,,,14,14
1241,,,11,11
1242,,,14,14
1243,,,11,11
1244,,,15,15
1245,,,15,15
1246,,,17,17
1247,,,26,26
1248,,,42,42
1249,,,23,23
1250,,,26,26
1251,,,56,56
1252,,,11,11
1253,,,14,14
1254,,,21,21
1255,,,27,27
1256,,,12,12
1257,,,13,13
1258,,,23,23
1259,,,22,22
1260,,,30,30
1261,,,53,53
1262,,,32,32
1263,,,35,35
1264,,,16,16
1265,,,26,26
1266,,,22,22
1267,,,26,26
1268,,,7,7
1269,,,8,8
1270,,,26,26
1271,,,7,7
1272,,,29,29
1273,,,29,29
1274,,,24,24
1275,,,31,31
1276,,,20,20
1277,,,43,43
1278,,,59,59
1279,,,36,36
1280,,,54,54
1281,,,43,43
1282,,,13,13
1283,,,52,52
1284,,,24,24
1285,,,17,17
1286,,,28,28
1287,,,21,21
1288,,,31,31
1289,,,34,34
1290,,,15,15
1291,,,33,33
1292,,,39,39
1293,,,61,61
1294,,,6,6
1295,,,18,18
1296,,,30,30
1297,,,21,21
1298,,,11,11
1299,,,35,35
1300,,,15,15
1301,,,22,22
1302,,,12,12
1303,,,22,22
1304,,,23,23
1305,,,17,17
1306,,,17,17
1307,,,28,28
1308,,,14,14
1309,,,12,12
1310,,,22,22
1311,,,9,9
1312,,,26,26
1313,,,16,16
1314,,,34,34
1315,,,16,16
1316,,,36,36
1317,,,32,32
1318,,,34,34
1319,,,31,31
1320,,,43,43
1321,,,36,36
1322,,,19,19
1323,,,16,16
1324,,,16,16
1325,,,33,33
1326,,,45,45
1327,,,27,27
1328,,,12,12
1330,,,19,19
1331,,,36,36
1332,,,33,33
1333,,,10,10
1335,,,13,13
1336,,,27,27
1337,,,18,18
1338,,,12,12
1339,,,3,3
1340,,,24,24
1341,,,25,25
1342,,,25,25
1343,,,25,25
1344,,,24,24
1345,,,16,16
1346,,,47,47
1347,,,22,22
1348,,,22,22
1349,,,10,10
1351,,,36,36
1352,,,22,22
1353,,,12,12
1354,,,44,44
1355,,,26,26
1356,,,19,19
1357,,,98,98
1358,,,26,26
1359,,,34,34
1360,,,25,25
1361,,,21,21
1362,,,15,15
1363,,,31,31
1364,,,43,43
1365,,,61,61
1366,,,34,34
1367,,,69,69
1368,,,29,29
1369,,,20,20
1370,,,12,12
1371,,,26,26
1372,,,25,25
1373,,,25,25
1374,,,23,23
1375,,,34,34
1376,,,13,13
1377,,,35,35
1378,,,23,23
1379,,,39,39
1380,,,34,34
1381,,,11,11
1382,,,19,19
1383,,,24,24
1384,,,20,20
1385,,,17,17
1386,,,21,21
1387,,,18,18
1388,,,37,37
1389,,,27,27
1390,,,24,24
1391,,,31,31
1392,,,15,15
1393,,,42,42
1394,,,40,40
1395,,,42,42
1396,,,11,11
1397,,,22,22
1398,,,15,15
1399,,,19,19
1400,,,25,25
1401,,,28,28
1402,,,18,18
1403,,,12,12
1404,,,32,32
1405,,,57,57
1406,,,24,24
1407,,,10,10
1408,,,14,14
1409,,,14,14
1410,,,17,17
1411,,,22,22
1412,,,14,14
1413,,,14,14
1414,,,11,11
1415,,,25,25
1416,,,75,75
1417,,,47,47
1418,,,28,28
1419,,,48,48
1420,,,18,18
1421,,,22,22
1422,,,50,50
1423,,,13,13
1424,,,36,36
1425,,,12,12
1426,,,39,39
1427,,,22,22
1428,,,31,31
1429,,,17,17
1430,,,33,33
1431,,,21,21
1432,,,27,27
1433,,,28,28
1434,,,13,13
1435,,,34,34
1436,,,21,21
1437,,,25,25
1438,,,17,17
1439,,,51,51
1440,,,18,18
1441,,,21,21
1442,,,20,20
1443,,,29,29
1444,,,12,12
1445,,,27,27
1446,,,21,21
1447,,,32,32
1448,,,30,30
1449,,,38,38
1450,,,30,30
1451,,,12,12
1452,,,37,37
1453,,,24,24
1454,,,14,14
1455,,,19,19
1456,,,21,21
1457,,,26,26
1458,,,21,21
1459,,,16,16
1460,,,26,26
1461,,,10,10
1462,,,24,24
1463,,,28,28
1464,,,29,29
1465,,,24,24
1466,,,21,21
1467,,,19,19
1468,,,38,38
1469,,,20,20
1470,,,10,10
1471,,,10,10
1472,,,5,5
1473,,,12,12
1474,,,26,26
1475,,,20,20
1476,,,20,20
1477,,,55,55
1478,,,33,33
1479,,,29,29
1480,,,29,29
1481,,,25,25
1482,,,33,33
1483,,,38,38
1484,,,6,6
1485,,,15,15
1486,,,21,21
1487,,,10,10
1488,,,11,11
1489,,,19,19
1490,,,24,24
1491,,,19,19
1492,,,31,31
1493,,,31,31
1494,,,22,22
1495,,,17,17
1496,,,21,21
1497,,,16,16
1498,,,27,27
1499,,,35,35
1500,,,13,13
1501,,,12,12
1502,,,7,7
1503,,,24,24
1504,,,13,13
1505,,,14,14
1506,,,8,8
1507,,,39,39
1508,,,8,8
1509,,,12,12
1510,,,8,8
1511,,,17,17
1512,,,14,14
1513,,,12,12
1514,,,79,79
1515,,,15,15
1516,,,25,25
1517,,,20,20
1518,,,38,38
1519,,,25,25
1520,,,41,41
1521,,,15,15
1522,,,16,16
1523,,,14,14
1524,,,7,7
1525,,,40,40
1526,,,20,20
1527,,,3,3
1528,,,28,28
1529,,,21,21
1530,,,26,26
1531,,,13,13
1532,,,18,18
1533,,,20,20
1534,,,24,24
1535,,,20,20
1536,,,23,23
1537,,,27,27
1538,,,25,25
1539,,,27,27
1540,,,27,27
1541,,,54,54
1542,,,24,24
1543,,,8,8
1544,,,32,32
1545,,,18,18
1546,,,23,23
1547,,,14,14
1548,,,23,23
1549,,,15,15
1550,,,27,27
1551,,,30,30
1552,,,13,13
1553,,,29,29
1554,,,33,33
1555,,,22,22
1556,,,36,36
1557,,,33,33
1558,,,37,37
1559,,,15,15
1560,,,50,50
1561,,,17,17
1562,,,25,25
1563,,,49,49
1564,,,31,31
1565,,,42,42
1566,,,36,36
1567,,,35,35
1568,,,13,13
1569,,,61,61
1570,,,39,39
1571,,,23,23
1572,,,35,35
1573,,,25,25
1574,,,36,36
1575,,,26,26
1576,,,9,9
1577,,,42,42
1578,,,40,40
1579,,,15,15
1580,,,21,21
1581,,,25,25
1582,,,37,37
1583,,,14,14
1584,,,29,29
1585,,,21,21
1586,,,29,29
1587,,,21,21
1588,,,22,22
1589,,,25,25
1590,,,11,11
1591,,,21,21
1592,,,18,18
1593,,,34,34
1594,,,31,31
1595,,,55,55
1596,,,16,16
1597,,,19,19
1598,,,17,17
1599,,,19,19
1600,,,47,47
1601,,,18,18
1602,,,41,41
1603,,,20,20
1604,,,47,47
1605,,,13,13
1606,,,21,21
1607,,,24,24
1608,,,22,22
1609,,,25,25
1610,,,32,32
1611,,,14,14
1612,,,28,28
1613,,,44,44
1614,,,21,21
1615,,,44,44
1616,,,22,22
1617,,,16,16
1618,,,44,44
1619,,,38,38
1620,,,12,12
1621,,,27,27
1622,,,24,24
1623,,,21,21
1624,,,33,33
1625,,,18,18
1626,,,30,30
1627,,,19,19
1628,,,38,38
1629,,,27,27
1630,,,30,30
1631,,,45,45
1632,,,20,20
1633,,,25,25
1634,,,41,41
1635,,,27,27
1636,,,24,24
1637,,,29,29
1638,,,9,9
1639,,,23,23
1640,,,23,23
1641,,,21,21
1642,,,17,17
1643,,,37,37
1644,,,15,15
1645,,,24,24
1646,,,19,19
1647,,,47,47
1648,,,15,15
1649,,,22,22
1650,,,45,45
1651,,,27,27
1652,,,19,19
1653,,,29,29
1654,,,15,15
1655,,,13,13
1656,,,38,38
1657,,,15,15
1658,,,16,16
1659,,,21,21
1660,,,30,30
1661,,,39,39
1662,,,25,25
1663,,,10,10
1664,,,17,17
1665,,,36,36
1666,,,45,45
1667,,,47,47
1668,,,24,24
1669,,,17,17
1670,,,16,16
1671,,,15,15
1672,,,19,19
1673,,,19,19
1674,,,14,14
1675,,,5,5
1676,,,23,23
1677,,,30,30
1678,,,16,16
1679,,,22,22
1680,,,18,18
1682,,,21,21
1683,,,11,11
1684,,,36,36
1685,,,29,29
1686,,,25,25
1687,,,14,14
1688,,,34,34
1689,,,23,23
1690,,,10,10
1691,,,32,32
1692,,,20,20
1693,,,17,17
1694,,,30,30
1695,,,17,17
1696,,,43,43
1697,,,14,14
1698,,,22,22
1699,,,34,34
1700,,,20,20
1701,,,69,69
1702,,,23,23
1703,,,34,34
1704,,,21,21
1705,,,14,14
1706,,,24,24
1707,,,28,28
1708,,,12,12
1709,,,43,43
1710,,,37,37
1711,,,31,31
1712,,,28,28
1713,,,16,16
1714,,,23,23
1715,,,25,25
1716,,,13,13
1717,,,29,29
1718,,,38,38
1719,,,13,13
1720,,,21,21
1721,,,20,20
1722,,,29,29
1723,,,38,38
1724,,,23,23
1725,,,22,22
1726,,,35,35
1727,,,14,14
1728,,,25,25
1729,,,24,24
1730,,,12,12
1731,,,35,35
1732,,,45,45
1733,,,32,32
1734,,,27,27
1735,,,32,32
1736,,,26,26
1737,,,17,17
1738,,,25,25
1739,,,21,21
1740,,,24,24
1741,,,22,22
1742,,,19,19
1743,,,11,11
1744,,,15,15
1745,,,22,22
1746,,,22,22
1747,,,49,49
1748,,,24,24
1749,,,28,28
1750,,,44,44
1751,,,37,37
1752,,,46,46
1753,,,19,19
1754,,,41,41
1755,,,19,19
1756,,,20,20
1757,,,36,36
1758,,,18,18
1759,,,24,24
1760,,,22,22
1761,,,30,30
1762,,,17,17
1763,,,28,28
1764,,,23,23
1765,,,14,14
1766,,,15,15
1767,,,21,21
1768,,,34,34
1769,,,48,48
1770,,,13,13
1771,,,8,8
1772,,,22,22
1773,,,30,30
1774,,,21,21
1775,,,37,37
1776,,,28,28
1777,,,17,17
1778,,,22,22
1779,,,30,30
1780,,,10,10
1781,,,28,28
1782,,,19,19
1783,,,43,43
1784,,,53,53
1785,,,16,16
1786,,,24,24
1787,,,16,16
1788,,,38,38
1789,,,34,34
1790,,,13,13
1791,,,26,26
1792,,,71,71
1793,,,23,23
1794,,,55,55
1795,,,26,26
1796,,,20,20
1797,,,24,24
1798,,,20,20
1799,,,27,27
1800,,,13,13
1801,,,29,29
1802,,,47,47
1803,,,37,37
1804,,,27,27
1805,,,17,17
1806,,,19,19
1807,,,26,26
1808,,,26,26
1809,,,2,2
1810,,,19,19
1811,,,21,21
1812,,,14,14
1813,,,17,17
1814,,,38,38
1815,,,25,25
1816,,,14,14
1817,,,14,14
1818,,,11,11
1819,,,21,21
1820,,,20,20
1821,,,4,4
1822,,,33,33
1823,,,32,32
1824,,,18,18
1825,,,8,8
1826,,,32,32
1827,,,13,13
1828,,,18,18
1829,,,45,45
1830,,,41,41
1831,,,19,19
1832,,,48,48
1833,,,19,19
1834,,,48,48
1835,,,26,26
1836,,,15,15
1837,,,18,18
1838,,,16,16
1839,,,34,34
1840,,,20,20
1841,,,37,37
1842,,,13,13
1843,,,30,30
1844,,,86,86
1845,,,13,13
1846,,,28,28
1847,,,37,37
1848,,,25,25
1849,,,18,18
1850,,,19,19
1851,,,35,35
1852,,,27,27
1853,,,29,29
1854,,,33,33
1855,,,30,30
1856,,,11,11
1857,,,12,12
1858,,,37,37
1859,,,12,12
1860,,,10,10
1861,,,4,4
1862,,,10,10
1863,,,28,28
1864,,,35,35
1865,,,23,23
1866,,,11,11
1867,,,14,14
1868,,,19,19
1869,,,45,45
1870,,,39,39
1871,,,18,18
1872,,,20,20
1873,,,42,42
1874,,,25,25
1875,,,13,13
1876,,,22,22
1877,,,15,15
1878,,,10,10
1879,,,21,21
1880,,,27,27
1881,,,22,22
1882,,,25,25
1883,,,30,30
1884,,,64,64
1885,,,46,46
1886,,,24,24
1887,,,28,28
1888,,,22,22
1889,,,31,31
1890,,,42,42
1891,,,29,29
1892,,,2,2
1893,,,15,15
1894,,,28,28
1895,,,13,13
1896,,,24,24
1897,,,39,39
1898,,,22,22
1899,,,22,22
1900,,,27,27
1901,,,25,25
1902,,,28,28
1903,,,11,11
1904,,,21,21
1905,,,15,15
1906,,,9,9
1907,,,15,15
1908,,,33,33
1909,,,36,36
1910,,,15,15
1911,,,47,47
1912,,,29,29
1913,,,24,24
1914,,,40,40
1915,,,25,25
1916,,,32,32
1917,,,50,50
1918,,,20,20
1919,,,27,27
1920,,,16,16
1921,,,19,19
1922,,,33,33
1923,,,26,26
1924,,,28,28
1925,,,30,30
1926,,,35,35
1927,,,10,10
1928,,,19,19
1929,,,40,40
1930,,,25,25
1931,,,26,26
1932,,,65,65
1933,,,19,19
1934,,,46,46
1935,,,20,20
1936,,,23,23
1937,,,14,14
1938,,,28,28
1939,,,39,39
1940,,,25,25
1941,,,36,36
1942,,,51,51
1943,,,29,29
1944,,,39,39
1945,,,26,26
1946,,,30,30
1947,,,23,23
1948,,,21,21
1949,,,43,43
1950,,,29,29
1951,,,27,27
1952,,,33,33
1953,,,22,22
1954,,,20,20
1955,,,35,35
1956,,,26,26
1957,,,15,15
1958,,,12,12
1959,,,16,16
1960,,,16,16
1961,,,12,12
1963,,,16,16
1964,,,19,19
1965,,,28,28
1966,,,6,6
1967,,,27,27
1968,,,4,4
1969,,,16,16
1970,,,18,18
1971,,,21,21
1972,,,23,23
1973,,,19,19
1974,,,30,30
1975,,,33,33
1976,,,32,32
1977,,,34,34
1978,,,27,27
1979,,,28,28
1980,,,33,33
1981,,,34,34
1982,,,16,16
1983,,,21,21
1984,,,15,15
1985,,,21,21
1986,,,23,23
1987,,,22,22
1988,,,12,12
1989,,,22,22
1990,,,26,26
1991,,,22,22
1992,,,16,16
1993,,,18,18
1994,,,15,15
1995,,,32,32
1996,,,24,24
1997,,,29,29
1998,,,26,26
1999,,,28,28
2000,,,26,26
2001,,,39,39
2002,,,29,29
2003,,,11,11
2004,,,32,32
2005,,,23,23
2006,,,44,44
2007,,,24,24
2008,,,34,34
2009,,,17,17
2010,,,22,22
2011,,,15,15
2012,,,36,36
2013,,,18,18
2014,,,18,18
2015,,,39,39
2016,,,20,20
2017,,,18,18
2018,,,33,33
2019,,,22,22
2020,,,18,18
2021,,,34,34
2022,,,18,18
2023,,,15,15
2024,,,20,20
2025,,,30,30
2026,,,14,14
2027,,,27,27
2028,,,26,26
2029,,,10,10
2030,,,22,22
2031,,,17,17
2032,,,40,40
2033,,,37,37
2034,,,11,11
2035,,,34,34
2036,,,20,20
2037,,,15,15
2038,,,20,20
2039,,,15,15
2040,,,15,15
2041,,,14,14
2042,,,28,28
2043,,,30,30
2044,,,27,27
2045,,,17,17
2046,,,18,18
2047,,,15,15
2048,,,29,29
2049,,,11,11
2050,,,25,25
2051,,,25,25
2052,,,27,27
2053,,,20,20
2054,,,23,23
2055,,,53,53
2056,,,22,22
2057,,,12,12
2058,,,21,21
2059,,,27,27
2060,,,22,22
2061,,,20,20
2062,,,14,14
2063,,,19,19
2064,,,25,25
2065,,,5,5
2066,,,33,33
2067,,,19,19
2068,,,60,60
2069,,,38,38
2070,,,2,2
2071,,,7,7
2072,,,12,12
2073,,,51,51
2074,,,18,18
2075,,,11,11
2076,,,54,54
2077,,,40,40
2078,,,23,23
2079,,,25,25
2080,,,18,18
2081,,,16,16
2082,,,21,21
2083,,,44,44
2084,,,20,20
2085,,,16,16
2086,,,10,10
2087,,,17,17
2088,,,12,12
2089,,,16,16
2090,,,9,9
2091,,,23,23
2092,,,13,13
2093,,,18,18
2094,,,16,16
2095,,,29,29
2096,,,46,46
2097,,,6,6
2098,,,23,23
2099,,,53,53
2100,,,23,23
2101,,,14,14
2102,,,26,26
2103,,,18,18
2104,,,27,27
2105,,,24,24
2106,,,12,12
2107,,,27,27
2108,,,39,39
2109,,,32,32
2110,,,34,34
2111,,,18,18
2112,,,11,11
2113,,,33,33
2114,,,21,21
2115,,,25,25
2116,,,25,25
2118,,,26,26
2120,,,37,37
2121,,,8,8
2122,,,25,25
2123,,,38,38
2124,,,16,16
2125,,,7,7
2126,,,35,35
2127,,,18,18
2128,,,7,7
2129,,,14,14
2130,,,8,8
2131,,,13,13
2132,,,26,26
2133,,,24,24
2135,,,13,13
2136,,,35,35
2137,,,61,61
2138,,,25,25
2139,,,19,19
2140,,,46,46
2141,,,28,28
2142,,,18,18
2143,,,18,18
2144,,,29,29
2145,,,22,22
2146,,,36,36
2147,,,19,19
2148,,,41,41
2149,,,24,24
2150,,,14,14
2151,,,12,12
2152,,,11,11
2153,,,36,36
2154,,,18,18
2155,,,30,30
2156,,,16,16
2157,,,25,25
2158,,,23,23
2159,,,3,3
2160,,,37,37
2161,,,32,32
2162,,,46,46
2163,,,30,30
2164,,,13,13
2165,,,36,36
2166,,,9,9
2167,,,23,23
2168,,,4,4
2169,,,20,20
2170,,,18,18
2171,,,23,23
2172,,,22,22
2173,,,27,27
2174,,,14,14
2175,,,20,20
2176,,,19,19
2177,,,20,20
2178,,,30,30
2179,,,31,31
2180,,,30,30
2181,,,22,22
2182,,,36,36
2183,,,21,21
2184,,,37,37
2185,,,42,42
2186,,,25,25
2187,,,37,37
2188,,,29,29
2189,,,36,36
2190,,,8,8
2191,,,9,9
2192,,,22,22
2193,,,10,10
2194,,,27,27
2195,,,19,19
2196,,,15,15
2197,,,11,11
2198,,,35,35
2199,,,8,8
2200,,,8,8
2201,,,34,34
2202,,,26,26
2203,,,8,8
2204,,,29,29
2205,,,12,12
2206,,,27,27
2207,,,21,21
2208,,,20,20
2209,,,34,34
2210,,,67,67
2211,,,22,22
2212,,,41,41
2213,,,25,25
2214,,,19,19
2215,,,8,8
2216,,,17,17
2217,,,16,16
2218,,,29,29
2219,,,96,96
2220,,,18,18
2221,,,15,15
2222,,,33,33
2223,,,22,22
2224,,,26,26
2225,,,16,16
2226,,,37,37
2227,,,27,27
2229,,,26,26
2230,,,17,17
2231,,,41,41
2232,,,28,28
2233,,,28,28
2234,,,34,34
2235,,,20,20
2236,,,35,35
2237,,,22,22
2238,,,44,44
2239,,,17,17
2240,,,56,56
2241,,,13,13
2242,,,17,17
2243,,,15,15
2244,,,18,18
2245,,,13,13
2246,,,11,11
2247,,,32,32
2248,,,13,13
2249,,,28,28
2250,,,18,18
2251,,,26,26
2252,,,24,24
2253,,,13,13
2254,,,26,26
2255,,,18,18
2256,,,14,14
2257,,,28,28
2258,,,27,27
2259,,,25,25
2260,,,25,25
2261,,,31,31
2262,,,30,30
2263,,,11,11
2264,,,30,30
2265,,,21,21
2266,,,6,6
2267,,,38,38
2268,,,24,24
2269,,,11,11
2270,,,13,13
2271,,,22,22
2272,,,39,39
2273,,,28,28
2274,,,27,27
2275,,,27,27
2276,,,28,28
2277,,,16,16
2278,,,13,13
2279,,,15,15
2280,,,3,3
2281,,,24,24
2282,,,14,14
2283,,,34,34
2284,,,20,20
2285,,,11,11
2286,,,21,21
2287,,,7,7
2288,,,30,30
2289,,,53,53
2290,,,30,30
2291,,,30,30
2292,,,15,15
2293,,,56,56
2294,,,19,19
2295,,,22,22
2296,,,2,2
2297,,,17,17
2298,,,43,43
2299,,,34,34
2300,,,25,25
2301,,,33,33
2302,,,16,16
2303,,,24,24
2304,,,29,29
2305,,,21,21
2306,,,27,27
2307,,,20,20
2308,,,32,32
2309,,,16,16
2310,,,30,30
2311,,,16,16
2312,,,36,36
2313,,,40,40
2314,,,25,25
2315,,,39,39
2316,,,22,22
2317,,,30,30
2318,,,25,25
2319,,,9,9
2320,,,30,30
2321,,,25,25
2322,,,42,42
2323,,,17,17
2324,,,24,24
2325,,,38,38
2326,,,13,13
2327,,,28,28
2328,,,37,37
2329,,,17,17
2330,,,14,14
2331,,,17,17
2332,,,9,9
2333,,,13,13
2334,,,12,12
2335,,,34,34
2336,,,27,27
2337,,,41,41
2338,,,27,27
2339,,,21,21
2340,,,23,23
2341,,,26,26
2342,,,46,46
2343,,,18,18
2344,,,15,15
2345,,,50,50
2346,,,24,24
2347,,,29,29
2348,,,24,24
2349,,,4,4
2350,,,4,4
2351,,,18,18
2352,,,9,9
2353,,,14,14
2354,,,30,30
2355,,,22,22
2356,,,32,32
2357,,,21,21
2358,,,6,6
2359,,,10,10
2360,,,14,14
2361,,,13,13
2362,,,24,24
2363,,,14,14
2364,,,23,23
2365,,,18,18
2366,,,42,42
2367,,,15,15
2368,,,24,24
2369,,,23,23
2370,,,11,11
2371,,,23,23
2372,,,41,41
2373,,,18,18
2374,,,48,48
2375,,,17,17
2376,,,22,22
2377,,,45,45
2378,,,34,34
2379,,,53,53
2380,,,26,26
2381,,,22,22
2382,,,36,36
2383,,,6,6
2384,,,13,13
2385,,,17,17
2386,,,8,8
2387,,,14,14
2388,,,38,38
2389,,,23,23
2390,,,22,22
2391,,,25,25
2392,,,38,38
2393,,,54,54
2394,,,34,34
2395,,,57,57
2396,,,31,31
2397,,,16,16
2398,,,29,29
2399,,,16,16
2400,,,30,30
2401,,,49,49
2402,,,27,27
2403,,,25,25
2404,,,21,21
2405,,,21,21
2406,,,41,41
2407,,,24,24
2408,,,32,32
2409,,,29,29
2410,,,34,34
2411,,,11,11
2412,,,25,25
2413,,,18,18
2414,,,18,18
2415,,,18,18
2416,,,18,18
2417,,,19,19
2418,,,16,16
2419,,,21,21
2420,,,33,33
2421,,,15,15
2422,,,17,17
2423,,,16,16
2424,,,26,26
2425,,,21,21
2426,,,13,13
2427,,,54,54
2428,,,60,60
2429,,,33,33
2430,,,47,47
2431,,,20,20
2432,,,25,25
2433,,,15,15
2434,,,14,14
2435,,,32,32
2436,,,32,32
2437,,,31,31
2438,,,29,29
2439,,,25,25
2440,,,48,48
2441,,,9,9
2442,,,37,37
2443,,,25,25
2444,,,23,23
2445,,,31,31
2446,,,14,14
2447,,,14,14
2448,,,42,42
2449,,,29,29
2450,,,33,33
2451,,,12,12
2452,,,15,15
2453,,,63,63
2454,,,17,17
2455,,,20,20
2456,,,18,18
2457,,,15,15
2458,,,7,7
2459,,,21,21
2460,,,23,23
2461,,,19,19
2462,,,31,31
2463,,,21,21
2464,,,16,16
2465,,,23,23
2466,,,44,44
2467,,,48,48
2468,,,101,101
2469,,,26,26
2470,,,18,18
2471,,,38,38
2472,,,24,24
2473,,,26,26
2474,,,32,32
2475,,,16,16
2476,,,18,18
2477,,,42,42
2478,,,49,49
2479,,,24,24
2480,,,14,14
2481,,,24,24
2482,,,10,10
2483,,,18,18
2484,,,22,22
2485,,,15,15
2486,,,16,16
2487,,,17,17
2488,,,16,16
2489,,,26,26
2490,,,21,21
2491,,,18,18
2492,,,14,14
2493,,,25,25
2494,,,13,13
2495,,,18,18
2496,,,63,63
2497,,,27,27
2498,,,13,13
2499,,,19,19
2500,,,23,23
2501,,,28,28
2502,,,26,26
2503,,,49,49
2504,,,42,42
2505,,,14,14
2506,,,28,28
2507,,,22,22
2508,,,19,19
2509,,,17,17
2510,,,6,6
2511,,,22,22
2512,,,30,30
2513,,,25,25
2514,,,15,15
2515,,,18,18
2516,,,16,16
2517,,,49,49
2518,,,33,33
2519,,,44,44
2520,,,31,31
2521,,,19,19
2522,,,12,12
2523,,,34,34
2524,,,49,49
2525,,,14,14
2526,,,36,36
2527,,,14,14
2528,,,23,23
2529,,,26,26
2530,,,8,8
2531,,,13,13
2532,,,17,17
2533,,,15,15
2534,,,25,25
2535,,,12,12
2536,,,18,18
2537,,,43,43
2538,,,41,41
2539,,,20,20
2540,,,16,16
2541,,,15,15
2542,,,43,43
2543,,,15,15
2544,,,66,66
2545,,,23,23
2546,,,22,22
2547,,,29,29
2548,,,18,18
2549,,,12,12
2550,,,28,28
2551,,,37,37
2552,,,33,33
2553,,,29,29
2554,,,12,12
2555,,,24,24
2556,,,22,22
2557,,,24,24
2558,,,45,45
2559,,,21,21
2560,,,20,20
2561,,,31,31
2562,,,24,24
2563,,,16,16
2564,,,38,38
2565,,,9,9
2566,,,12,12
2567,,,49,49
2568,,,9,9
2569,,,7,7
2570,,,4,4
2571,,,29,29
2572,,,17,17
2573,,,29,29
2574,,,8,8
2575,,,3,3
2576,,,24,24
2577,,,17,17
2578,,,13,13
2579,,,27,27
2580,,,16,16
2581,,,20,20
2582,,,29,29
2583,,,19,19
2584,,,18,18
2585,,,6,6
2586,,,16,16
2587,,,8,8
2588,,,7,7
2589,,,35,35
2590,,,19,19
2591,,,58,58
2592,,,29,29
2593,,,29,29
2594,,,32,32
2595,,,23,23
2596,,,12,12
2597,,,13,13
2598,,,30,30
2599,,,25,25
2600,,,7,7
2601,,,18,18
2602,,,22,22
2603,,,37,37
2604,,,28,28
2605,,,10,10
2606,,,14,14
2607,,,15,15
2608,,,22,22
2609,,,16,16
2610,,,16,16
2611,,,30,30
2612,,,13,13
2613,,,29,29
2614,,,18,18
2615,,,34,34
2616,,,22,22
2617,,,14,14
2618,,,40,40
2619,,,18,18
2620,,,19,19
2621,,,31,31
2622,,,44,44
2623,,,16,16
2624,,,47,47
2626,,,50,50
2627,,,31,31
2628,,,26,26
2629,,,17,17
2630,,,35,35
2631,,,8,8
2632,,,41,41
2633,,,46,46
2634,,,36,36
2635,,,21,21
2636,,,26,26
2637,,,23,23
2638,,,26,26
2639,,,22,22
2640,,,54,54
2641,,,37,37
2642,,,32,32
2643,,,47,47
2644,,,15,15
2645,,,36,36
2646,,,26,26
2647,,,18,18
2648,,,30,30
2649,,,30,30
2650,,,30,30
2651,,,58,58
2652,,,33,33
2653,,,3,3
2654,,,12,12
2655,,,14,14
2656,,,22,22
2657,,,20,20
2658,,,16,16
2659,,,13,13
2660,,,16,16
2661,,,24,24
2662,,,20,20
2663,,,19,19
2664,,,31,31
2665,,,21,21
2666,,,25,25
2667,,,23,23
2668,,,25,25
2669,,,13,13
2670,,,19,19
2671,,,14,14
2672,,,24,24
2673,,,22,22
2674,,,26,26
2675,,,16,16
2676,,,37,37
2677,,,23,23
2678,,,23,23
2679,,,26,26
2680,,,29,29
2681,,,22,22
2682,,,32,32
2683,,,42,42
2684,,,24,24
2685,,,7,7
2686,,,9,9
2687,,,15,15
2688,,,18,18
2689,,,12,12
2690,,,8,8
2691,,,15,15
2692,,,6,6
2693,,,3,3
2694,,,9,9
2695,,,11,11
2696,,,6,6
2697,,,3,3
2698,,,11,11
2699,,,6,6
2700,,,3,3
2701,,,38,38
2702,,,9,9
2703,,,25,25
2704,,,19,19
2705,,,27,27
2706,,,28,28
2707,,,18,18
2708,,,34,34
2709,,,27,27
2710,,,29,29
2711,,,53,53
2712,,,26,26
2713,,,19,19
2714,,,42,42
2715,,,36,36
2716,,,23,23
2717,,,50,50
2718,,,19,19
2719,,,24,24
2720,,,22,22
2721,,,22,22
2722,,,22,22
2723,,,50,50
2724,,,20,20
2725,,,33,33
2726,,,14,14
2727,,,14,14
2728,,,21,21
2729,,,28,28
2730,,,26,26
2731,,,17,17
2732,,,7,7
2733,,,16,16
2734,,,18,18
2735,,,25,25
2736,,,63,63
2737,,,35,35
2738,,,52,52
2739,,,46,46
2740,,,123,123
2741,,,25,25
2742,,,33,33
2743,,,16,16
2744,,,11,11
2745,,,31,31
2746,,,13,13
2747,,,33,33
2748,,,12,12
2749,,,23,23
2750,,,33,33
2751,,,27,27
2752,,,36,36
2753,,,31,31
2754,,,25,25
2755,,,21,21
2756,,,28,28
2757,,,25,25
2758,,,25,25
2759,,,28,28
2760,,,8,8
2761,,,14,14
2762,,,21,21
2763,,,22,22
2764,,,16,16
2765,,,33,33
2766,,,16,16
2767,,,5,5
2768,,,15,15
2769,,,4,4
2770,,,27,27
2771,,,30,30
2772,,,37,37
2773,,,11,11
2774,,,19,19
2775,,,52,52
2776,,,21,21
2777,,,28,28
2778,,,20,20
2779,,,27,27
2780,,,8,8
2781,,,28,28
2782,,,20,20
2783,,,17,17
2784,,,21,21
2785,,,34,34
2786,,,18,18
2787,,,27,27
2788,,,26,26
2789,,,26,26
2790,,,9,9
2791,,,40,40
2792,,,14,14
2793,,,27,27
2794,,,28,28
2795,,,26,26
2796,,,25,25
2797,,,20,20
2798,,,12,12
2799,,,19,19
2800,,,53,53
2801,,,22,22
2802,,,11,11
2803,,,28,28
2804,,,14,14
2805,,,35,35
2806,,,24,24
2807,,,60,60
2808,,,21,21
2809,,,26,26
2810,,,12,12
2811,,,20,20
2813,,,18,18
2814,,,32,32
2815,,,26,26
2816,,,19,19
2817,,,18,18
2818,,,28,28
2819,,,20,20
2820,,,34,34
2821,,,12,12
2822,,,26,26
2823,,,26,26
2824,,,20,20
2825,,,16,16
2826,,,12,12
2827,,,34,34
2828,,,31,31
2829,,,31,31
2830,,,20,20
2831,,,29,29
2832,,,38,38
2833,,,33,33
2834,,,57,57
2835,,,21,21
2836,,,34,34
2837,,,27,27
2838,,,22,22
2839,,,22,22
2840,,,23,23
2841,,,25,25
2842,,,56,56
2843,,,37,37
2844,,,40,40
2845,,,18,18
2846,,,22,22
2847,,,35,35
2848,,,15,15
2849,,,22,22
2850,,,22,22
2851,,,23,23
2852,,,20,20
2853,,,17,17
2854,,,22,22
2855,,,21,21
2856,,,29,29
2857,,,22,22
2858,,,24,24
2859,,,15,15
2860,,,18,18
2861,,,7,7
2862,,,20,20
2863,,,15,15
2864,,,35,35
2865,,,18,18
2866,,,35,35
2867,,,40,40
2868,,,31,31
2869,,,28,28
2870,,,20,20
2871,,,40,40
2872,,,16,16
2873,,,23,23
2874,,,35,35
2875,,,48,48
2876,,,9,9
2877,,,23,23
2878,,,19,19
2879,,,18,18
2880,,,21,21
2881,,,30,30
2882,,,36,36
2883,,,51,51
2884,,,82,82
2885,,,32,32
2886,,,23,23
2887,,,27,27
2888,,,13,13
2889,,,15,15
2890,,,16,16
2891,,,50,50
2892,,,14,14
2893,,,12,12
2894,,,20,20
2895,,,43,43
2896,,,19,19
2897,,,31,31
2898,,,19,19
2899,,,29,29
2900,,,15,15
2901,,,55,55
2902,,,39,39
2903,,,16,16
2904,,,19,19
2905,,,12,12
2906,,,11,11
2907,,,45,45
2908,,,33,33
2909,,,33,33
2910,,,11,11
2911,,,15,15
2912,,,19,19
2913,,,13,13
2914,,,8,8
2915,,,11,11
2916,,,9,9
2917,,,36,36
2918,,,15,15
2919,,,9,9
2920,,,25,25
2921,,,35,35
2922,,,18,18
2923,,,34,34
2924,,,31,31
2925,,,52,52
2926,,,17,17
2927,,,17,17
2928,,,18,18
2929,,,27,27
2930,,,38,38
2931,,,14,14
2932,,,11,11
2933,,,30,30
2934,,,44,44
2935,,,4,4
2936,,,14,14
2937,,,35,35
2938,,,19,19
2939,,,38,38
2940,,,7,7
2941,,,18,18
2942,,,9,9
2943,,,25,25
2944,,,33,33
2945,,,16,16
2946,,,27,27
2947,,,19,19
2948,,,29,29
2949,,,20,20
2950,,,27,27
2951,,,24,24
2952,,,24,24
2953,,,11,11
2954,,,7,7
2955,,,8,8
2956,,,8,8
2957,,,8,8
2958,,,2,2
2959,,,10,10
2960,,,4,4
2961,,,18,18
2962,,,9,9
2963,,,7,7
2964,,,4,4
2965,,,13,13
2966,,,10,10
2967,,,51,51
2968,,,12,12
2969,,,28,28
2970,,,42,42
2971,,,22,22
2972,,,34,34
2973,,,31,31
2974,,,11,11
2975,,,18,18
2976,,,28,28
2977,,,58,58
2978,,,15,15
2979,,,22,22
2980,,,69,69
2981,,,11,11
2982,,,18,18
2983,,,9,9
2984,,,8,8
2985,,,21,21
2986,,,12,12
2987,,,53,53
2988,,,33,33
2989,,,28,28
2990,,,32,32
2991,,,5,5
2992,,,34,34
2993,,,30,30
2995,,,28,28
2996,,,16,16
2997,,,35,35
2998,,,18,18
2999,,,25,25
3000,,,22,22
3001,,,30,30
3002,,,34,34
3003,,,24,24
3004,,,45,45
3005,,,18,18
3006,,,26,26
3007,,,40,40
3008,,,28,28
3009,,,34,34
3010,,,24,24
3011,,,24,24
3012,,,39,39
3013,,,27,27
3014,,,21,21
3015,,,36,36
3016,,,41,41
3017,,,30,30
3018,,,29,29
3019,,,26,26
3020,,,39,39
3021,,,13,13
3022,,,12,12
3023,,,36,36
3024,,,4,4
3025,,,32,32
3026,,,45,45
3027,,,15,15
3028,,,28,28
3029,,,17,17
3030,,,16,16
3031,,,42,42
3032,,,16,16
3033,,,20,20
3034,,,20,20
3035,,,18,18
3036,,,19,19
3037,,,29,29
3038,,,23,23
3039,,,8,8
3040,,,2,2
3041,,,18,18
3042,,,14,14
3043,,,10,10
3044,,,20,20
3045,,,17,17
3046,,,20,20
3047,,,28,28
3048,,,37,37
3049,,,18,18
3050,,,20,20
3051,,,28,28
3052,,,17,17
3053,,,30,30
3054,,,40,40
3055,,,15,15
3056,,,33,33
3057,,,27,27
3058,,,11,11
3059,,,54,54
3060,,,20,20
3061,,,14,14
3062,,,8,8
3063,,,19,19
3064,,,40,40
3065,,,37,37
3066,,,40,40
3067,,,16,16
3068,,,9,9
3069,,,17,17
3070,,,18,18
3071,,,4,4
3072,,,28,28
3073,,,23,23
3074,,,30,30
3075,,,2,2
3076,,,17,17
3077,,,24,24
3078,,,93,93
3079,,,78,78
3080,,,24,24
3081,,,2,2
3082,,,25,25
3083,,,24,24
3084,,,14,14
3085,,,24,24
3086,,,14,14
3087,,,31,31
3088,,,5,5
3089,,,13,13
3090,,,35,35
3091,,,54,54
3092,,,25,25
3093,,,15,15
3094,,,8,8
3095,,,50,50
3096,,,32,32
3097,,,12,12
3098,,,35,35
3099,,,47,47
3100,,,34,34
3101,,,15,15
3102,,,32,32
3103,,,34,34
3105,,,35,35
3106,,,25,25
3107,,,38,38
3108,,,10,10
3109,,,26,26
3110,,,9,9
3111,,,3,3
3112,,,10,10
3113,,,53,53
3114,,,20,20
3115,,,69,69
3116,,,40,40
3117,,,11,11
3118,,,14,14
3119,,,29,29
3120,,,6,6
3121,,,13,13
3122,,,19,19
3123,,,28,28
3124,,,20,20
3126,,,26,26
3127,,,18,18
3128,,,29,29
3129,,,26,26
3130,,,7,7
3131,,,31,31
3132,,,56,56
3133,,,21,21
3134,,,20,20
3135,,,23,23
3136,,,28,28
3137,,,31,31
3138,,,25,25
3139,,,29,29
3140,,,11,11
3141,,,35,35
3142,,,18,18
3143,,,23,23
3144,,,18,18
3145,,,22,22
3146,,,32,32
3148,,,50,50
3149,,,37,37
3150,,,15,15
3151,,,26,26
3152,,,57,57
3153,,,26,26
3154,,,18,18
3155,,,19,19
3156,,,30,30
3157,,,23,23
3158,,,26,26
3159,,,16,16
3160,,,14,14
3161,,,16,16
3162,,,23,23
3163,,,17,17
3164,,,12,12
3165,,,32,32
3166,,,20,20
3167,,,25,25
3168,,,12,12
3169,,,26,26
3170,,,49,49
3171,,,38,38
3172,,,14,14
3173,,,35,35
3174,,,22,22
3175,,,17,17
3176,,,19,19
3177,,,30,30
3178,,,17,17
3179,,,66,66
3180,,,76,76
3181,,,25,25
3182,,,22,22
3183,,,25,25
3184,,,34,34
3185,,,19,19
3186,,,56,56
3187,,,42,42
3188,,,16,16
3189,,,22,22
3190,,,12,12
3191,,,12,12
3192,,,4,4
3193,,,29,29
3194,,,25,25
3195,,,42,42
3196,,,22,22
3197,,,2,2
3198,,,29,29
3199,,,26,26
3200,,,41,41
3201,,,45,45
3202,,,41,41
3203,,,2,2
3204,,,33,33
3205,,,20,20
3206,,,22,22
3207,,,16,16
3208,,,14,14
3209,,,37,37
3210,,,24,24
3211,,,17,17
3212,,,15,15
3213,,,13,13
3214,,,14,14
3215,,,20,20
3216,,,23,23
3217,,,26,26
3218,,,42,42
3219,,,15,15
3220,,,29,29
3221,,,47,47
3222,,,20,20
3223,,,27,27
3224,,,14,14
3225,,,50,50
3226,,,14,14
3227,,,15,15
3228,,,42,42
3229,,,18,18
3230,,,12,12
3231,,,39,39
3232,,,23,23
3233,,,27,27
3234,,,24,24
3235,,,34,34
3236,,,28,28
3237,,,26,26
3238,,,32,32
3239,,,18,18
3240,,,31,31
3241,,,44,44
3242,,,23,23
3243,,,38,38
3244,,,12,12
3245,,,22,22
3246,,,23,23
3247,,,33,33
3248,,,16,16
3249,,,23,23
3250,,,24,24
3251,,,42,42
3252,,,23,23
3253,,,20,20
3254,,,101,101
3255,,,47,47
3256,,,11,11
3257,,,26,26
3258,,,43,43
3259,,,15,15
3260,,,18,18
3261,,,34,34
3262,,,30,30
3263,,,24,24
3264,,,21,21
3265,,,38,38
3266,,,10,10
3267,,,41,41
3268,,,44,44
3269,,,28,28
3270,,,29,29
3271,,,13,13
3272,,,14,14
3273,,,28,28
3274,,,17,17
3275,,,31,31
3276,,,12,12
3277,,,35,35
3278,,,50,50
3279,,,14,14
3280,,,13,13
3281,,,12,12
3282,,,12,12
3283,,,9,9
3284,,,23,23
3285,,,14,14
3286,,,8,8
3287,,,6,6
3288,,,15,15
3289,,,8,8
3290,,,6,6
3291,,,4,4
3292,,,18,18
3293,,,16,16
3294,,,11,11
3295,,,2,2
3296,,,21,21
3297,,,10,10
3298,,,28,28
3299,,,32,32
3300,,,15,15
3301,,,18,18
3302,,,25,25
3303,,,15,15
3304,,,30,30
3305,,,39,39
3306,,,17,17
3307,,,18,18
3308,,,60,60
3309,,,28,28
3310,,,22,22
3311,,,33,33
3312,,,12,12
3313,,,30,30
3314,,,25,25
3315,,,11,11
3316,,,13,13
3317,,,57,57
3318,,,15,15
3319,,,25,25
3320,,,11,11
3321,,,23,23
3322,,,30,30
3323,,,23,23
3324,,,35,35
3325,,,47,47
3326,,,26,26
3327,,,13,13
3328,,,31,31
3329,,,3,3
3330,,,20,20
3331,,,34,34
3332,,,26,26
3333,,,20,20
3334,,,18,18
3335,,,26,26
3336,,,24,24
3337,,,11,11
3338,,,4,4
3339,,,17,17
3340,,,10,10
3341,,,6,6
3342,,,33,33
3343,,,15,15
3344,,,34,34
3345,,,64,64
3346,,,10,10
3347,,,27,27
3348,,,27,27
3349,,,39,39
3350,,,57,57
3351,,,50,50
3352,,,39,39
3353,,,25,25
3354,,,20,20
3355,,,34,34
3356,,,39,39
3357,,,51,51
3358,,,57,57
3359,,,34,34
3360,,,37,37
3361,,,38,38
3362,,,16,16
3363,,,38,38
3364,,,25,25
3365,,,22,22
3366,,,19,19
3367,,,28,28
3368,,,26,26
3369,,,14,14
3370,,,27,27
3371,,,10,10
3372,,,10,10
3373,,,17,17
3374,,,30,30
3375,,,20,20
3376,,,38,38
3377,,,17,17
3378,,,25,25
3379,,,13,13
3380,,,24,24
3381,,,21,21
3382,,,26,26
3383,,,25,25
3384,,,15,15
3385,,,31,31
3386,,,31,31
3387,,,13,13
3388,,,26,26
3389,,,23,23
3390,,,18,18
3391,,,27,27
3392,,,27,27
3393,,,25,25
3394,,,12,12
3395,,,19,19
3396,,,19,19
3397,,,26,26
3398,,,21,21
3399,,,25,25
3400,,,93,93
3401,,,29,29
3402,,,19,19
3403,,,40,40
3404,,,64,64
3405,,,14,14
3406,,,34,34
3407,,,38,38
3408,,,8,8
3409,,,28,28
3410,,,11,11
3411,,,13,13
3412,,,52,52
3413,,,17,17
3414,,,37,37
3415,,,27,27
3416,,,49,49
3417,,,29,29
3418,,,15,15
3419,,,33,33
3420,,,36,36
3421,,,18,18
3422,,,27,27
3423,,,20,20
3424,,,24,24
3425,,,13,13
3426,,,38,38
3427,,,29,29
3428,,,29,29
3429,,,14,14
3430,,,19,19
3431,,,18,18
3432,,,40,40
3433,,,40,40
3434,,,32,32
3435,,,24,24
3436,,,35,35
3437,,,23,23
3438,,,32,32
3439,,,16,16
3440,,,22,22
3441,,,50,50
3442,,,31,31
3443,,,17,17
3444,,,9,9
3445,,,6,6
3446,,,2,2
3447,,,21,21
3448,,,22,22
3449,,,15,15
3450,,,25,25
3451,,,30,30
3452,,,17,17
3453,,,31,31
3454,,,23,23
3455,,,17,17
3456,,,38,38
3457,,,8,8
3458,,,30,30
3459,,,21,21
3460,,,24,24
3461,,,18,18
3462,,,28,28
3463,,,11,11
3464,,,28,28
3465,,,26,26
3466,,,21,21
3467,,,68,68
3468,,,27,27
3469,,,16,16
3470,,,44,44
3471,,,18,18
3472,,,7,7
3473,,,15,15
3474,,,69,69
3475,,,45,45
3476,,,36,36
3477,,,18,18
3478,,,13,13
3479,,,73,73
3480,,,56,56
3481,,,38,38
3482,,,29,29
3483,,,29,29
3484,,,24,24
3485,,,33,33
3486,,,40,40
3487,,,9,9
3488,,,27,27
3489,,,16,16
3490,,,14,14
3491,,,38,38
3492,,,20,20
3493,,,40,40
3494,,,19,19
3495,,,45,45
3496,,,43,43
3497,,,21,21
3498,,,23,23
3499,,,22,22
3500,,,19,19
3501,,,21,21
3502,,,8,8
3503,,,4,4
3504,,,23,23
3505,,,33,33
3506,,,14,14
3507,,,21,21
3508,,,34,34
3509,,,6,6
3510,,,28,28
3511,,,15,15
3512,,,17,17
3513,,,26,26
3514,,,43,43
3515,,,11,11
3516,,,12,12
3517,,,9,9
3518,,,19,19
3519,,,34,34
3520,,,18,18
3521,,,19,19
3522,,,34,34
3523,,,14,14
3524,,,24,24
3525,,,29,29
3526,,,28,28
3527,,,60,60
3528,,,39,39
3529,,,30,30
3530,,,30,30
3531,,,17,17
3532,,,44,44
3533,,,23,23
3534,,,18,18
3535,,,38,38
3536,,,36,36
3537,,,22,22
3538,,,21,21
3539,,,22,22
3540,,,8,8
3541,,,4,4
3542,,,2,2
3543,,,15,15
3544,,,2,2
3545,,,28,28
3546,,,14,14
3547,,,20,20
3548,,,31,31
3549,,,9,9
3550,,,37,37
3551,,,9,9
3552,,,19,19
3553,,,20,20
3554,,,16,16
3555,,,19,19
3556,,,18,18
3557,,,14,14
3558,,,21,21
3559,,,20,20
3560,,,20,20
3561,,,25,25
3562,,,11,11
3563,,,11,11
3564,,,38,38
3565,,,12,12
3566,,,18,18
3567,,,10,10
3568,,,29,29
3569,,,27,27
3570,,,37,37
3571,,,7,7
3572,,,5,5
3573,,,42,42
3574,,,28,28
3575,,,48,48
3576,,,78,78
3577,,,51,51
3578,,,37,37
3579,,,15,15
3580,,,33,33
3581,,,37,37
3582,,,33,33
3583,,,8,8
3584,,,17,17
3585,,,20,20
3586,,,21,21
3587,,,42,42
3588,,,28,28
3589,,,20,20
3590,,,30,30
3591,,,43,43
3592,,,17,17
3593,,,12,12
3594,,,10,10
3595,,,27,27
3596,,,5,5
3597,,,19,19
3598,,,23,23
3599,,,34,34
3600,,,10,10
3601,,,19,19
3602,,,42,42
3603,,,18,18
3604,,,32,32
3605,,,20,20
3606,,,18,18
3607,,,19,19
3608,,,7,7
3609,,,25,25
3610,,,30,30
3611,,,18,18
3612,,,27,27
3613,,,18,18
3614,,,36,36
3615,,,13,13
3616,,,12,12
3617,,,17,17
3618,,,21,21
3619,,,29,29
3620,,,33,33
3621,,,18,18
3622,,,12,12
3623,,,32,32
3624,,,23,23
3625,,,34,34
3626,,,21,21
3627,,,13,13
3628,,,30,30
3629,,,17,17
3630,,,25,25
3631,,,24,24
3632,,,24,24
3633,,,17,17
3634,,,19,19
3635,,,27,27
3636,,,13,13
3637,,,39,39
3638,,,54,54
3639,,,22,22
3640,,,29,29
3641,,,53,53
3642,,,16,16
3643,,,14,14
3644,,,34,34
3645,,,17,17
3646,,,32,32
3647,,,12,12
3648,,,18,18
3649,,,50,50
3650,,,17,17
3651,,,23,23
3652,,,32,32
3653,,,26,26
3654,,,13,13
3655,,,10,10
3656,,,16,16
3657,,,12,12
3658,,,51,51
3659,,,41,41
3661,,,24,24
3662,,,26,26
3663,,,16,16
3664,,,16,16
3665,,,39,39
3666,,,26,26
3667,,,24,24
3668,,,14,14
3669,,,13,13
3670,,,9,9
3671,,,30,30
3672,,,20,20
3673,,,21,21
3674,,,32,32
3675,,,47,47
3676,,,25,25
3677,,,18,18
3678,,,43,43
3679,,,16,16
3680,,,18,18
3681,,,30,30
3682,,,18,18
3683,,,40,40
3684,,,19,19
3685,,,20,20
3686,,,25,25
3687,,,40,40
3688,,,25,25
3689,,,23,23
3690,,,20,20
3691,,,24,24
3692,,,31,31
3693,,,20,20
3694,,,19,19
3695,,,11,11
3696,,,26,26
3697,,,27,27
3698,,,31,31
3699,,,24,24
3700,,,15,15
3701,,,10,10
3702,,,42,42
3703,,,44,44
3704,,,18,18
3705,,,30,30
3706,,,35,35
3707,,,17,17
3708,,,16,16
3709,,,23,23
3710,,,13,13
3711,,,43,43
3712,,,34,34
3713,,,19,19
3714,,,20,20
3715,,,25,25
3716,,,25,25
3717,,,16,16
3718,,,13,13
3719,,,32,32
3720,,,29,29
3721,,,21,21
3722,,,40,40
3723,,,40,40
3724,,,25,25
3725,,,29,29
3726,,,17,17
3727,,,31,31
3728,,,12,12
3729,,,8,8
3730,,,19,19
3731,,,30,30
3732,,,16,16
3733,,,38,38
3734,,,31,31
3735,,,32,32
3736,,,9,9
3737,,,12,12
3738,,,33,33
3739,,,20,20
3740,,,29,29
3741,,,24,24
3742,,,21,21
3743,,,40,40
3744,,,21,21
3745,,,57,57
3746,,,61,61
3747,,,37,37
3748,,,40,40
3749,,,17,17
3750,,,41,41
3751,,,29,29
3752,,,32,32
3753,,,39,39
3754,,,36,36
3755,,,59,59
3756,,,18,18
3757,,,24,24
3758,,,36,36
3759,,,18,18
3760,,,27,27
3761,,,41,41
3762,,,26,26
3763,,,12,12
3764,,,38,38
3765,,,18,18
3766,,,47,47
3767,,,10,10
3768,,,19,19
3769,,,21,21
3770,,,22,22
3771,,,13,13
3772,,,16,16
3773,,,11,11
3774,,,30,30
3775,,,21,21
3776,,,39,39
3777,,,15,15
3778,,,25,25
3779,,,26,26
3780,,,29,29
3781,,,17,17
3782,,,21,21
3783,,,31,31
3784,,,35,35
3785,,,28,28
3786,,,36,36
3787,,,9,9
3788,,,19,19
3789,,,30,30
3790,,,43,43
3791,,,44,44
3792,,,16,16
3793,,,41,41
3794,,,20,20
3795,,,54,54
3796,,,32,32
3797,,,13,13
3798,,,31,31
3799,,,29,29
3800,,,2,2
3801,,,34,34
3802,,,19,19
3803,,,50,50
3804,,,34,34
3806,,,34,34
3807,,,47,47
3808,,,20,20
3809,,,84,84
3810,,,10,10
3811,,,45,45
3812,,,47,47
3813,,,3,3
3814,,,5,5
3815,,,39,39
3816,,,34,34
3817,,,10,10
3818,,,11,11
3819,,,31,31
3820,,,26,26
3821,,,15,15
3822,,,12,12
3823,,,3,3
3824,,,19,19
3825,,,19,19
3826,,,12,12
3827,,,7,7
3828,,,4,4
3829,,,11,11
3830,,,42,42
3831,,,18,18
3832,,,25,25
3833,,,23,23
3834,,,20,20
3835,,,22,22
3836,,,27,27
3837,,,27,27
3838,,,10,10
3839,,,45,45
3840,,,13,13
3841,,,21,21
3842,,,4,4
3843,,,43,43
3844,,,23,23
3845,,,57,57
3846,,,17,17
3847,,,57,57
3848,,,19,19
3849,,,28,28
3850,,,22,22
3851,,,25,25
3852,,,24,24
3853,,,25,25
3854,,,11,11
3855,,,11,11
3856,,,40,40
3857,,,22,22
3858,,,6,6
3859,,,22,22
3860,,,34,34
3861,,,15,15
3862,,,41,41
3863,,,18,18
3864,,,18,18
3865,,,21,21
3866,,,20,20
3867,,,13,13
3868,,,19,19
3869,,,14,14
3870,,,33,33
3871,,,11,11
3872,,,14,14
3873,,,14,14
3874,,,13,13
3875,,,8,8
3876,,,14,14
3877,,,19,19
3878,,,28,28
3879,,,41,41
3880,,,23,23
3881,,,7,7
3882,,,22,22
3883,,,5,5
3884,,,2,2
3885,,,16,16
3886,,,42,42
3887,,,13,13
3888,,,16,16
3889,,,21,21
3890,,,47,47
3891,,,22,22
3892,,,40,40
3893,,,37,37
3894,,,31,31
3895,,,20,20
3896,,,14,14
3897,,,22,22
3898,,,52,52
3899,,,39,39
3900,,,27,27
3901,,,15,15
3902,,,36,36
3903,,,25,25
3904,,,18,18
3905,,,29,29
3906,,,26,26
3907,,,42,42
3908,,,20,20
3909,,,33,33
3910,,,22,22
3911,,,35,35
3912,,,21,21
3913,,,33,33
3914,,,36,36
3915,,,45,45
3916,,,5,5
3917,,,6,6
3918,,,30,30
3919,,,30,30
3920,,,19,19
3921,,,20,20
3922,,,17,17
3923,,,12,12
3924,,,11,11
3925,,,15,15
3926,,,14,14
3927,,,22,22
3928,,,23,23
3929,,,19,19
3930,,,7,7
3931,,,57,57
3932,,,10,10
3933,,,14,14
3934,,,10,10
3935,,,15,15
3936,,,53,53
3937,,,19,19
3938,,,25,25
3939,,,47,47
3940,,,13,13
3941,,,15,15
3942,,,6,6
3943,,,33,33
3944,,,15,15
3945,,,12,12
3946,,,27,27
3947,,,36,36
3948,,,24,24
3949,,,33,33
3950,,,11,11
3951,,,29,29
3952,,,10,10
3953,,,29,29
3954,,,14,14
3955,,,19,19
3956,,,33,33
3957,,,36,36
3958,,,14,14
3959,,,11,11
3960,,,8,8
3961,,,27,27
3962,,,26,26
3963,,,27,27
3964,,,17,17
3965,,,9,9
3966,,,24,24
3967,,,18,18
3968,,,12,12
3969,,,29,29
3970,,,14,14
3971,,,36,36
3972,,,7,7
3973,,,17,17
3974,,,40,40
3975,,,24,24
3976,,,37,37
3977,,,15,15
3978,,,13,13
3979,,,13,13
3980,,,20,20
3981,,,13,13
3982,,,2,2
3983,,,18,18
3984,,,18,18
3985,,,12,12
3986,,,22,22
3987,,,21,21
3988,,,31,31
3989,,,35,35
3990,,,9,9
3991,,,28,28
3992,,,16,16
3993,,,22,22
3994,,,8,8
3995,,,7,7
3996,,,28,28
3997,,,21,21
3998,,,28,28
3999,,,46,46
4000,,,17,17
4001,,,33,33
4002,,,8,8
4003,,,13,13
4004,,,31,31
4005,,,22,22
4006,,,2,2
4007,,,14,14
4008,,,39,39
4009,,,46,46
4010,,,19,19
4011,,,10,10
4012,,,23,23
4013,,,23,23
4014,,,7,7
4015,,,17,17
4016,,,25,25
4017,,,26,26
4018,,,17,17
4019,,,21,21
4020,,,10,10
4021,,,18,18
4022,,,25,25
4023,,,26,26
4024,,,27,27
4025,,,38,38
4026,,,36,36
4027,,,18,18
4028,,,26,26
4029,,,28,28
4030,,,30,30
4031,,,25,25
4032,,,39,39
4033,,,26,26
4034,,,12,12
4035,,,7,7
4036,,,28,28
4037,,,9,9
4038,,,23,23
4039,,,18,18
4041,,,13,13
4042,,,2,2
4043,,,2,2
4044,,,33,33
4045,,,30,30
4046,,,30,30
4047,,,32,32
4048,,,19,19
4049,,,18,18
4050,,,34,34
4051,,,25,25
4052,,,19,19
4053,,,16,16
4054,,,32,32
4055,,,19,19
4056,,,21,21
4057,,,36,36
4058,,,13,13
4059,,,8,8
4060,,,5,5
4061,,,52,52
4062,,,18,18
4063,,,21,21
4064,,,8,8
4065,,,15,15
4066,,,30,30
4067,,,13,13
4068,,,29,29
4069,,,16,16
4070,,,6,6
4071,,,14,14
4072,,,6,6
4073,,,6,6
4074,,,22,22
4075,,,16,16
4076,,,6,6
4077,,,7,7
4078,,,18,18
4079,,,8,8
4080,,,25,25
4081,,,47,47
4082,,,13,13
4083,,,6,6
4084,,,13,13
4085,,,19,19
4086,,,22,22
4087,,,24,24
4088,,,33,33
4089,,,13,13
4090,,,35,35
4091,,,40,40
4092,,,22,22
4093,,,17,17
4094,,,8,8
4095,,,49,49
4096,,,28,28
4097,,,21,21
4098,,,15,15
4099,,,11,11
4100,,,24,24
4101,,,37,37
4102,,,16,16
4103,,,24,24
4104,,,46,46
4105,,,11,11
4106,,,8,8
4107,,,28,28
4108,,,18,18
4109,,,21,21
4110,,,16,16
4111,,,15,15
4112,,,15,15
4113,,,37,37
4114,,,14,14
4115,,,42,42
4116,,,46,46
4117,,,32,32
4118,,,25,25
4119,,,23,23
4120,,,23,23
4121,,,35,35
4122,,,44,44
4123,,,7,7
4124,,,15,15
4125,,,71,71
4126,,,14,14
4127,,,30,30
4128,,,17,17
4129,,,14,14
4130,,,24,24
4131,,,38,38
4132,,,16,16
4133,,,31,31
4134,,,12,12
4135,,,18,18
4136,,,34,34
4137,,,34,34
4138,,,23,23
4139,,,19,19
4140,,,30,30
4141,,,50,50
4142,,,16,16
4143,,,29,29
4144,,,38,38
4145,,,47,47
4146,,,33,33
4147,,,9,9
4148,,,40,40
4149,,,29,29
4150,,,23,23
4151,,,24,24
4152,,,15,15
4153,,,33,33
4154,,,23,23
4155,,,26,26
4156,,,21,21
4157,,,23,23
4158,,,26,26
4159,,,21,21
4160,,,24,24
4161,,,21,21
4162,,,22,22
4163,,,27,27
4164,,,27,27
4165,,,34,34
4166,,,34,34
4167,,,19,19
4168,,,17,17
4169,,,33,33
4170,,,19,19
4171,,,40,40
4172,,,21,21
4173,,,16,16
4174,,,8,8
4175,,,10,10
4176,,,36,36
4177,,,40,40
4178,,,35,35
4179,,,31,31
4180,,,19,19
4181,,,25,25
4182,,,7,7
4183,,,26,26
4184,,,17,17
4185,,,13,13
4186,,,19,19
4187,,,23,23
4188,,,35,35
4189,,,42,42
4190,,,26,26
4191,,,29,29
4192,,,53,53
4193,,,40,40
4194,,,13,13
4195,,,28,28
4196,,,18,18
4197,,,31,31
4198,,,24,24
4199,,,23,23
4200,,,28,28
4201,,,12,12
4202,,,36,36
4203,,,32,32
4204,,,22,22
4205,,,48,48
4206,,,40,40
4207,,,12,12
4208,,,14,14
4209,,,21,21
4210,,,15,15
4211,,,46,46
4212,,,10,10
4213,,,15,15
4214,,,21,21
4215,,,19,19
4216,,,54,54
4217,,,17,17
4218,,,20,20
4219,,,16,16
4220,,,16,16
4221,,,17,17
4222,,,35,35
4223,,,34,34
4224,,,47,47
4225,,,48,48
4226,,,8,8
4227,,,27,27
4228,,,27,27
4229,,,19,19
4230,,,33,33
4231,,,22,22
4232,,,30,30
4233,,,33,33
4234,,,21,21
4235,,,25,25
4236,,,16,16
4237,,,17,17
4238,,,36,36
4239,,,23,23
4240,,,38,38
4241,,,3,3
4242,,,34,34
4243,,,48,48
4244,,,27,27
4245,,,21,21
4246,,,15,15
4247,,,14,14
4248,,,36,36
4249,,,31,31
4250,,,14,14
4251,,,29,29
4252,,,24,24
4253,,,24,24
4254,,,25,25
4255,,,52,52
4256,,,20,20
4257,,,30,30
4258,,,38,38
4259,,,23,23
4260,,,26,26
4261,,,48,48
4262,,,28,28
4263,,,20,20
4264,,,30,30
4265,,,8,8
4266,,,25,25
4267,,,26,26
4268,,,33,33
4269,,,33,33
4270,,,23,23
4271,,,20,20
4272,,,20,20
4273,,,35,35
4274,,,20,20
4275,,,35,35
4276,,,19,19
4277,,,25,25
4278,,,14,14
4279,,,18,18
4280,,,22,22
4281,,,43,43
4282,,,25,25
4283,,,39,39
4284,,,30,30
4285,,,22,22
4286,,,24,24
4287,,,43,43
4288,,,7,7
4289,,,34,34
4290,,,30,30
4291,,,27,27
4292,,,65,65
4293,,,13,13
4294,,,2,2
4295,,,27,27
4296,,,17,17
4297,,,47,47
4298,,,7,7
4299,,,21,21
4300,,,27,27
4301,,,9,9
4302,,,4,4
4303,,,11,11
4304,,,12,12
4305,,,16,16
4306,,,4,4
4307,,,20,20
4308,,,15,15
4309,,,22,22
4310,,,21,21
4311,,,31,31
4312,,,25,25
4313,,,28,28
4314,,,8,8
4315,,,19,19
4316,,,13,13
4317,,,17,17
4318,,,22,22
4319,,,19,19
4320,,,24,24
4321,,,17,17
4322,,,38,38
4323,,,18,18
4324,,,24,24
4325,,,26,26
4326,,,22,22
4327,,,30,30
4328,,,11,11
4329,,,54,54
4330,,,35,35
4331,,,24,24
4332,,,13,13
4333,,,28,28
4334,,,63,63
4335,,,25,25
4336,,,41,41
4337,,,27,27
4338,,,54,54
4339,,,16,16
4340,,,24,24
4341,,,15,15
4342,,,22,22
4343,,,40,40
4344,,,14,14
4345,,,30,30
4346,,,11,11
4347,,,24,24
4348,,,25,25
4349,,,39,39
4350,,,19,19
4351,,,24,24
4352,,,16,16
4353,,,23,23
4354,,,39,39
4355,,,42,42
4356,,,17,17
4357,,,20,20
4358,,,17,17
4359,,,12,12
4360,,,45,45
4361,,,50,50
4362,,,9,9
4363,,,20,20
4364,,,17,17
4365,,,34,34
4366,,,13,13
4367,,,15,15
4368,,,22,22
4369,,,19,19
4370,,,14,14
4371,,,37,37
4372,,,16,16
4373,,,31,31
4375,,,64,64
4376,,,30,30
4377,,,25,25
4378,,,50,50
4379,,,35,35
4380,,,11,11
4381,,,18,18
4382,,,57,57
4383,,,18,18
4384,,,9,9
4385,,,14,14
4386,,,7,7
4387,,,29,29
4388,,,18,18
4389,,,17,17
4390,,,31,31
4391,,,29,29
4392,,,26,26
4393,,,25,25
4394,,,32,32
4395,,,47,47
4396,,,13,13
4397,,,26,26
4398,,,21,21
4399,,,23,23
4400,,,33,33
4401,,,28,28
4402,,,27,27
4403,,,37,37
4404,,,3,3
4405,,,37,37
4406,,,21,21
4407,,,24,24
4408,,,44,44
4409,,,28,28
4410,,,37,37
4411,,,19,19
4412,,,22,22
4413,,,39,39
4414,,,29,29
4415,,,12,12
4416,,,19,19
4417,,,42,42
4418,,,18,18
4419,,,36,36
4420,,,34,34
4421,,,24,24
4422,,,27,27
4423,,,14,14
4424,,,12,12
4425,,,67,67
4426,,,31,31
4427,,,60,60
4428,,,15,15
4431,,,16,16
4432,,,31,31
4433,,,18,18
4434,,,23,23
4435,,,22,22
4436,,,20,20
4437,,,21,21
4438,,,47,47
4439,,,36,36
4440,,,38,38
4441,,,17,17
4442,,,11,11
4443,,,10,10
4444,,,37,37
4445,,,11,11
4446,,,2,2
4447,,,9,9
4448,,,24,24
4449,,,24,24
4450,,,29,29
4451,,,29,29
4452,,,30,30
4453,,,17,17
4454,,,25,25
4455,,,18,18
4456,,,39,39
4457,,,32,32
4458,,,39,39
4459,,,20,20
4460,,,21,21
4461,,,17,17
4462,,,32,32
4463,,,50,50
4464,,,11,11
4465,,,19,19
4466,,,18,18
4467,,,14,14
4468,,,20,20
4469,,,17,17
4470,,,14,14
4471,,,34,34
4472,,,21,21
4473,,,24,24
4474,,,21,21
4475,,,12,12
4476,,,20,20
4477,,,15,15
4478,,,18,18
4479,,,18,18
4480,,,26,26
4481,,,26,26
4482,,,16,16
4483,,,29,29
4484,,,28,28
4485,,,39,39
4486,,,15,15
4487,,,37,37
4488,,,11,11
4489,,,32,32
4490,,,38,38
4491,,,26,26
4492,,,31,31
4493,,,16,16
4494,,,44,44
4495,,,17,17
4496,,,29,29
4497,,,35,35
4498,,,23,23
4499,,,60,60
4500,,,38,38
4501,,,17,17
4502,,,21,21
4503,,,27,27
4504,,,23,23
4505,,,30,30
4506,,,58,58
4507,,,35,35
4508,,,16,16
4509,,,36,36
4510,,,30,30
4511,,,21,21
4512,,,28,28
4513,,,41,41
4514,,,19,19
4515,,,43,43
4516,,,21,21
4517,,,37,37
4518,,,24,24
4519,,,18,18
4520,,,14,14
4521,,,14,14
4522,,,31,31
4523,,,23,23
4524,,,15,15
4525,,,12,12
4526,,,19,19
4527,,,39,39
4528,,,29,29
4529,,,37,37
4530,,,47,47
4531,,,38,38
4532,,,5,5
4533,,,4,4
4534,,,4,4
4535,,,22,22
4536,,,15,15
4537,,,19,19
4538,,,13,13
4539,,,4,4
4540,,,38,38
4541,,,13,13
4542,,,5,5
4543,,,30,30
4544,,,23,23
4545,,,19,19
4546,,,27,27
4547,,,11,11
4548,,,17,17
4549,,,53,53
4550,,,16,16
4551,,,32,32
4552,,,18,18
4553,,,13,13
4554,,,33,33
4555,,,22,22
4556,,,27,27
4557,,,20,20
4558,,,19,19
4559,,,15,15
4560,,,19,19
4561,,,29,29
4562,,,23,23
4563,,,13,13
4564,,,17,17
4565,,,31,31
4566,,,28,28
4567,,,49,49
4568,,,13,13
4569,,,51,51
4570,,,29,29
4571,,,13,13
4572,,,19,19
4573,,,27,27
4574,,,8,8
4575,,,8,8
4576,,,20,20
4577,,,47,47
4578,,,7,7
4579,,,7,7
4580,,,24,24
4581,,,24,24
4582,,,19,19
4583,,,23,23
4584,,,9,9
4585,,,29,29
4586,,,21,21
4587,,,23,23
4588,,,10,10
4589,,,17,17
4590,,,17,17
4591,,,32,32
4592,,,31,31
4593,,,19,19
4594,,,22,22
4595,,,28,28
4596,,,37,37
4597,,,20,20
4598,,,8,8
4599,,,28,28
4600,,,18,18
4601,,,11,11
4602,,,49,49
4603,,,17,17
4604,,,16,16
4605,,,14,14
4606,,,51,51
4607,,,13,13
4608,,,20,20
4609,,,16,16
4610,,,45,45
4611,,,22,22
4612,,,25,25
4613,,,23,23
4614,,,28,28
4615,,,18,18
4616,,,39,39
4617,,,22,22
4618,,,12,12
4619,,,23,23
4620,,,26,26
4621,,,24,24
4622,,,18,18
4623,,,33,33
4624,,,30,30
4625,,,44,44
4626,,,30,30
4627,,,36,36
4628,,,52,52
4629,,,9,9
4630,,,39,39
4631,,,41,41
4632,,,32,32
4633,,,48,48
4634,,,29,29
4635,,,41,41
4636,,,48,48
4637,,,9,9
4638,,,30,30
4639,,,28,28
4640,,,23,23
4641,,,29,29
4642,,,34,34
4643,,,20,20
4644,,,19,19
4645,,,30,30
4646,,,27,27
4647,,,17,17
4648,,,15,15
4649,,,35,35
4650,,,16,16
4651,,,27,27
4652,,,24,24
4653,,,38,38
4654,,,28,28
4655,,,11,11
4656,,,19,19
4657,,,21,21
4658,,,39,39
4659,,,29,29
4660,,,18,18
4661,,,34,34
4662,,,7,7
4663,,,30,30
4664,,,17,17
4666,,,12,12
4667,,,11,11
4668,,,37,37
4669,,,17,17
4670,,,29,29
4671,,,36,36
4672,,,38,38
4673,,,21,21
4674,,,15,15
4675,,,33,33
4676,,,46,46
4677,,,28,28
4678,,,24,24
4679,,,19,19
4680,,,44,44
4681,,,31,31
4682,,,61,61
4683,,,11,11
4684,,,68,68
4685,,,38,38
4686,,,20,20
4687,,,44,44
4688,,,45,45
4689,,,52,52
4690,,,36,36
4691,,,45,45
4692,,,16,16
4693,,,48,48
4694,,,45,45
4697,,,17,17
4699,,,7,7
4700,,,33,33
4701,,,10,10
4702,,,37,37
4703,,,35,35
4704,,,13,13
4705,,,38,38
4706,,,35,35
4707,,,29,29
4708,,,12,12
4709,,,28,28
4710,,,34,34
4711,,,24,24
4712,,,24,24
4713,,,20,20
4714,,,47,47
4715,,,23,23
4716,,,45,45
4717,,,28,28
4718,,,26,26
4719,,,9,9
4720,,,36,36
4721,,,46,46
4722,,,28,28
4723,,,18,18
4724,,,13,13
4725,,,16,16
4726,,,15,15
4727,,,19,19
4728,,,16,16
4729,,,26,26
4730,,,20,20
4731,,,16,16
4732,,,22,22
4733,,,14,14
4734,,,19,19
4735,,,15,15
4736,,,21,21
4737,,,53,53
4738,,,33,33
4739,,,45,45
4740,,,12,12
4741,,,12,12
4742,,,17,17
4743,,,13,13
4744,,,32,32
4745,,,47,47
4746,,,15,15
4747,,,11,11
4748,,,13,13
4749,,,29,29
4750,,,25,25
4751,,,17,17
4752,,,53,53
4753,,,7,7
4754,,,11,11
4755,,,28,28
4756,,,29,29
4757,,,16,16
4758,,,49,49
4759,,,19,19
4760,,,121,121
4761,,,27,27
4762,,,12,12
4763,,,45,45
4764,,,18,18
4765,,,17,17
4766,,,17,17
4767,,,48,48
4768,,,15,15
4769,,,23,23
4770,,,40,40
4771,,,35,35
4772,,,2,2
4773,,,15,15
4774,,,23,23
4775,,,31,31
4776,,,39,39
4777,,,35,35
4778,,,22,22
4779,,,34,34
4780,,,45,45
4781,,,28,28
4782,,,16,16
4783,,,16,16
4784,,,19,19
4785,,,21,21
4786,,,21,21
4787,,,19,19
4788,,,30,30
4789,,,21,21
4790,,,31,31
4791,,,23,23
4792,,,24,24
4793,,,18,18
4794,,,17,17
4795,,,12,12
4796,,,17,17
4797,,,16,16
4798,,,22,22
4799,,,19,19
4800,,,24,24
4801,,,26,26
4802,,,28,28
4803,,,19,19
4804,,,27,27
4805,,,19,19
4806,,,34,34
4807,,,22,22
4808,,,22,22
4809,,,13,13
4810,,,37,37
4811,,,26,26
4812,,,27,27
4813,,,6,6
4814,,,3,3
4815,,,32,32
4816,,,5,5
4817,,,12,12
4818,,,24,24
4819,,,20,20
4820,,,16,16
4821,,,32,32
4822,,,21,21
4823,,,55,55
4824,,,20,20
4825,,,40,40
4826,,,18,18
4827,,,29,29
4828,,,16,16
4829,,,66,66
4830,,,24,24
4831,,,13,13
4832,,,28,28
4833,,,33,33
4834,,,18,18
4835,,,32,32
4836,,,30,30
4837,,,27,27
4838,,,40,40
4839,,,17,17
4840,,,26,26
4841,,,35,35
4842,,,19,19
4843,,,11,11
4844,,,22,22
4845,,,26,26
4846,,,18,18
4847,,,21,21
4848,,,34,34
4849,,,14,14
4850,,,26,26
4851,,,8,8
4852,,,17,17
4853,,,15,15
4854,,,22,22
4855,,,18,18
4856,,,25,25
4857,,,36,36
4858,,,11,11
4859,,,40,40
4860,,,15,15
4861,,,29,29
4862,,,19,19
4863,,,23,23
4864,,,12,12
4865,,,29,29
4866,,,15,15
4867,,,31,31
4868,,,17,17
4869,,,31,31
4870,,,25,25
4871,,,26,26
4872,,,56,56
4873,,,13,13
4874,,,44,44
4875,,,55,55
4876,,,26,26
4877,,,27,27
4878,,,29,29
4879,,,17,17
4880,,,17,17
4881,,,26,26
4882,,,27,27
4883,,,12,12
4884,,,13,13
4885,,,13,13
4886,,,32,32
4887,,,33,33
4888,,,33,33
4889,,,16,16
4890,,,25,25
4891,,,21,21
4892,,,13,13
4893,,,14,14
4894,,,33,33
4895,,,32,32
4896,,,9,9
4897,,,45,45
4898,,,25,25
4899,,,22,22
4900,,,44,44
4901,,,17,17
4902,,,13,13
4903,,,19,19
4904,,,15,15
4905,,,29,29
4906,,,30,30
4907,,,18,18
4908,,,12,12
4909,,,23,23
4910,,,5,5
4911,,,30,30
4912,,,45,45
4913,,,28,28
4914,,,10,10
4915,,,14,14
4916,,,9,9
4917,,,46,46
4918,,,29,29
4919,,,16,16
4920,,,33,33
4921,,,44,44
4922,,,42,42
4923,,,40,40
4924,,,20,20
4925,,,30,30
4926,,,13,13
4927,,,25,25
4928,,,24,24
4929,,,28,28
4930,,,13,13
4931,,,24,24
4932,,,12,12
4933,,,22,22
4934,,,35,35
4935,,,27,27
4936,,,15,15
4937,,,21,21
4938,,,45,45
4939,,,16,16
4940,,,15,15
4941,,,37,37
4942,,,8,8
4943,,,32,32
4944,,,27,27
4945,,,41,41
4946,,,38,38
4947,,,13,13
4948,,,23,23
4949,,,17,17
4950,,,52,52
4951,,,17,17
4952,,,20,20
4953,,,19,19
4954,,,43,43
4955,,,27,27
4956,,,47,47
4957,,,36,36
4958,,,15,15
4959,,,27,27
4960,,,27,27
4961,,,27,27
4962,,,12,12
4963,,,51,51
4964,,,34,34
4965,,,49,49
4966,,,31,31
4967,,,28,28
4968,,,33,33
4969,,,20,20
4970,,,5,5
4971,,,47,47
4972,,,37,37
4973,,,11,11
4974,,,20,20
4975,,,22,22
4976,,,13,13
4977,,,12,12
4978,,,11,11
4979,,,9,9
4980,,,30,30
4981,,,17,17
4982,,,29,29
4983,,,11,11
4984,,,24,24
4985,,,44,44
4986,,,26,26
4987,,,19,19
4988,,,26,26
4989,,,18,18
4990,,,25,25
4991,,,18,18
4992,,,14,14
4993,,,11,11
4994,,,17,17
4995,,,20,20
4996,,,25,25
4997,,,24,24
4998,,,14,14
4999,,,2,2
5000,,,36,36
5001,,,22,22
5002,,,2,2
5003,,,15,15
5004,,,10,10
5005,,,24,24
5006,,,2,2
5007,,,21,21
5008,,,16,16
5009,,,20,20
5010,,,2,2
5011,,,31,31
5012,,,40,40
5013,,,19,19
5014,,,10,10
5015,,,15,15
5016,,,20,20
5017,,,31,31
5018,,,23,23
5019,,,14,14
5020,,,25,25
5021,,,24,24
5022,,,37,37
5023,,,28,28
5024,,,40,40
5025,,,6,6
5026,,,24,24
5027,,,18,18
5028,,,33,33
5029,,,33,33
5030,,,27,27
5031,,,17,17
5032,,,22,22
5033,,,40,40
5034,,,38,38
5035,,,22,22
5036,,,5,5
5037,,,19,19
5038,,,21,21
5039,,,31,31
5040,,,6,6
5041,,,10,10
5042,,,26,26
5043,,,44,44
5044,,,24,24
5045,,,26,26
5046,,,29,29
5047,,,25,25
5048,,,31,31
5049,,,37,37
5050,,,34,34
5051,,,49,49
5052,,,41,41
5053,,,30,30
5054,,,55,55
5055,,,35,35
5056,,,14,14
5057,,,6,6
5058,,,31,31
5059,,,6,6
5060,,,16,16
5061,,,30,30
5062,,,33,33
5063,,,69,69
5064,,,5,5
5065,,,29,29
5066,,,13,13
5067,,,21,21
5068,,,46,46
5069,,,51,51
5070,,,20,20
5071,,,16,16
5072,,,31,31
5073,,,30,30
5074,,,23,23
5075,,,28,28
5076,,,43,43
5077,,,23,23
5078,,,15,15
5079,,,16,16
5080,,,16,16
5081,,,20,20
5082,,,32,32
5083,,,22,22
5084,,,10,10
5085,,,29,29
5086,,,41,41
5087,,,23,23
5088,,,19,19
5089,,,36,36
5090,,,19,19
5091,,,19,19
5092,,,8,8
5093,,,45,45
5094,,,23,23
5095,,,17,17
5096,,,34,34
5097,,,9,9
5098,,,37,37
5100,,,21,21
5101,,,38,38
5102,,,16,16
5103,,,16,16
5104,,,38,38
5105,,,14,14
5106,,,26,26
5107,,,32,32
5108,,,13,13
5109,,,20,20
5110,,,11,11
5111,,,30,30
5112,,,17,17
5113,,,24,24
5114,,,21,21
5115,,,23,23
5116,,,42,42
5117,,,29,29
5118,,,22,22
5119,,,42,42
5120,,,31,31
5121,,,20,20
5122,,,23,23
5123,,,28,28
5124,,,44,44
5125,,,28,28
5126,,,31,31
5127,,,15,15
5128,,,29,29
5129,,,40,40
5130,,,15,15
5131,,,25,25
5132,,,36,36
5133,,,27,27
5134,,,35,35
5135,,,24,24
5136,,,9,9
5137,,,21,21
5138,,,21,21
5139,,,5,5
5140,,,20,20
5141,,,25,25
5142,,,26,26
5143,,,19,19
5144,,,15,15
5145,,,26,26
5146,,,11,11
5147,,,13,13
5148,,,26,26
5149,,,24,24
5150,,,22,22
5151,,,37,37
5152,,,14,14
5153,,,24,24
5154,,,38,38
5155,,,15,15
5156,,,27,27
5157,,,28,28
5158,,,27,27
5159,,,22,22
5160,,,36,36
5161,,,29,29
5162,,,19,19
5163,,,26,26
5164,,,31,31
5165,,,22,22
5166,,,19,19
5167,,,20,20
5168,,,10,10
5169,,,20,20
5170,,,26,26
5171,,,15,15
5172,,,33,33
5173,,,18,18
5174,,,19,19
5175,,,39,39
5176,,,14,14
5177,,,36,36
5178,,,24,24
5179,,,24,24
5180,,,22,22
5181,,,16,16
5182,,,6,6
5183,,,8,8
5184,,,24,24
5185,,,66,66
5186,,,22,22
5187,,,21,21
5188,,,13,13
5189,,,32,32
5190,,,21,21
5191,,,14,14
5192,,,23,23
5193,,,15,15
5194,,,29,29
5195,,,29,29
5196,,,20,20
5197,,,11,11
5198,,,15,15
5199,,,25,25
5200,,,38,38
5201,,,16,16
5202,,,30,30
5203,,,17,17
5204,,,14,14
5205,,,38,38
5206,,,32,32
5207,,,17,17
5208,,,21,21
5209,,,17,17
5210,,,50,50
5211,,,49,49
5212,,,30,30
5213,,,24,24
5214,,,23,23
5215,,,24,24
5216,,,83,83
5217,,,28,28
5218,,,13,13
5219,,,31,31
5220,,,25,25
5221,,,8,8
5222,,,24,24
5223,,,31,31
5224,,,24,24
5225,,,14,14
5226,,,40,40
5227,,,17,17
5228,,,38,38
5229,,,23,23
5230,,,49,49
5231,,,14,14
5232,,,36,36
5233,,,25,25
5234,,,14,14
5235,,,25,25
5236,,,31,31
5237,,,19,19
5238,,,16,16
5239,,,26,26
5240,,,23,23
5242,,,15,15
5243,,,28,28
5244,,,19,19
5245,,,26,26
5246,,,39,39
5247,,,6,6
5248,,,43,43
5249,,,26,26
5250,,,32,32
5251,,,33,33
5252,,,22,22
5253,,,42,42
5254,,,39,39
5255,,,34,34
5256,,,35,35
5257,,,41,41
5258,,,25,25
5259,,,62,62
5260,,,14,14
5261,,,10,10
5262,,,19,19
5263,,,28,28
5264,,,17,17
5265,,,17,17
5266,,,47,47
5267,,,41,41
5268,,,36,36
5269,,,32,32
5270,,,53,53
5271,,,7,7
5272,,,51,51
5273,,,31,31
5274,,,81,81
5275,,,72,72
5276,,,58,58
5277,,,40,40
5278,,,15,15
5279,,,19,19
5280,,,32,32
5281,,,36,36
5282,,,49,49
5283,,,5,5
5284,,,4,4
5285,,,55,55
5286,,,15,15
5287,,,2,2
5288,,,21,21
5289,,,19,19
5290,,,38,38
5291,,,2,2
5292,,,28,28
5293,,,22,22
5294,,,7,7
5295,,,2,2
5296,,,14,14
5297,,,13,13
5298,,,28,28
5299,,,22,22
5300,,,2,2
5301,,,19,19
5302,,,20,20
5303,,,16,16
5304,,,26,26
5305,,,20,20
5306,,,24,24
5307,,,20,20
5308,,,26,26
5309,,,18,18
5310,,,8,8
5311,,,51,51
5312,,,29,29
5313,,,14,14
5314,,,27,27
5315,,,40,40
5316,,,29,29
5317,,,32,32
5318,,,28,28
5319,,,36,36
5320,,,30,30
5321,,,19,19
5322,,,61,61
5323,,,15,15
5324,,,27,27
5325,,,18,18
5326,,,25,25
5327,,,25,25
5328,,,23,23
5329,,,19,19
5330,,,25,25
5331,,,49,49
5332,,,21,21
5333,,,18,18
5334,,,38,38
5335,,,30,30
5336,,,14,14
5337,,,9,9
5338,,,33,33
5339,,,40,40
5340,,,13,13
5341,,,53,53
5342,,,34,34
5343,,,24,24
5344,,,30,30
5345,,,18,18
5346,,,35,35
5347,,,14,14
5348,,,32,32
5349,,,26,26
5350,,,10,10
5351,,,33,33
5352,,,8,8
5353,,,39,39
5354,,,15,15
5355,,,25,25
5356,,,31,31
5357,,,12,12
5358,,,26,26
5359,,,29,29
5360,,,33,33
5361,,,44,44
5362,,,36,36
5363,,,30,30
5364,,,25,25
5365,,,16,16
5366,,,21,21
5367,,,12,12
5368,,,50,50
5369,,,17,17
5370,,,22,22
5371,,,30,30
5372,,,10,10
5373,,,12,12
5374,,,17,17
5375,,,15,15
5376,,,19,19
5377,,,20,20
5378,,,24,24
5379,,,18,18
5380,,,16,16
5381,,,5,5
5382,,,33,33
5383,,,24,24
5384,,,20,20
5385,,,20,20
5386,,,28,28
5387,,,33,33
5388,,,19,19
5389,,,19,19
5390,,,32,32
5391,,,48,48
5392,,,26,26
5393,,,19,19
5394,,,18,18
5395,,,48,48
5396,,,17,17
5397,,,67,67
5398,,,21,21
5399,,,42,42
5400,,,18,18
5401,,,15,15
5402,,,16,16
5403,,,13,13
5404,,,22,22
5405,,,30,30
5406,,,43,43
5407,,,38,38
5408,,,20,20
5409,,,15,15
5410,,,27,27
5411,,,10,10
5412,,,21,21
5413,,,31,31
5414,,,19,19
5415,,,21,21
5416,,,23,23
5417,,,8,8
5418,,,27,27
5419,,,38,38
5420,,,38,38
5421,,,29,29
5422,,,32,32
